date,spec_long,spec_short,comm_long,comm_short,nonrept_long,nonrept_short,spec_net,comm_net,small_spec_net
2006-01-03,36013,24782,36844,48533,43961,43503,11231,-11689,458
2006-01-10,42096,20135,34870,63074,47965,41722,21961,-28204,6243
2006-01-17,41207,19996,36151,69669,49477,37170,21211,-33518,12307
2006-01-24,56834,19370,33491,89341,50968,32582,37464,-55850,18386
2006-01-31,58564,22182,36469,89459,50538,33930,36382,-52990,16608
2006-02-07,45622,26657,44620,75293,48217,36509,18965,-30673,11708
2006-02-14,43279,31323,50461,69907,45530,38040,11956,-19446,7490
2006-02-21,42097,32012,58946,75683,48523,41871,10085,-16737,6652
2006-02-28,50882,32480,56481,82130,50836,43589,18402,-25649,7247
2006-03-07,49877,35999,75783,98478,49145,40328,13878,-22695,8817
2006-03-14,55058,27074,35565,69607,42812,36754,27984,-34042,6058
2006-03-21,58377,16925,33700,88412,48974,35714,41452,-54712,13260
2006-03-28,56336,15525,35558,93460,48011,30920,40811,-57902,17091
2006-04-04,67859,15467,43679,113080,49728,32719,52392,-69401,17009
2006-04-11,58717,17087,46263,110321,52318,29890,41630,-64058,22428
2006-04-18,70019,14677,38561,118525,55841,31219,55342,-79964,24622
2006-04-25,79841,14316,38061,130344,58625,31867,65525,-92283,26758
2006-05-02,90615,16141,39152,138150,55961,31437,74474,-98998,24524
2006-05-09,87975,15064,43091,142504,65655,39153,72911,-99413,26502
2006-05-16,87436,14060,45579,143424,60408,35939,73376,-97845,24469
2006-05-23,87361,15285,50079,146064,58049,34140,72076,-95985,23909
2006-05-30,96864,16980,39005,138891,58387,38385,79884,-99886,20002
2006-06-06,102560,14364,40541,154767,65272,39242,88196,-114226,26030
2006-06-13,72732,10886,64770,152800,63519,37335,61846,-88030,26184
2006-06-20,66017,13527,17807,94376,48399,24320,52490,-76569,24079
2006-06-27,77942,13272,18274,106720,51554,27778,64670,-88446,23776
2006-07-03,87088,18543,21368,114031,53130,29012,68545,-92663,24118
2006-07-11,92291,14396,19781,128562,55720,24834,77895,-108781,30886
2006-07-18,67816,16122,29176,101106,55354,35118,51694,-71930,20236
2006-07-25,66687,16386,30207,100022,48873,29359,50301,-69815,19514
2006-08-01,85072,11643,20935,118798,51204,26770,73429,-97863,24434
2006-08-08,101133,9025,22548,144363,53545,23838,92108,-121815,29707
2006-08-15,99050,8846,25418,143147,53607,26082,90204,-117729,27525
2006-08-22,89994,8524,27222,139078,57928,27542,81470,-111856,30386
2006-08-29,88423,8786,25123,129589,54968,30139,79637,-104466,24829
2006-09-05,86223,11207,25562,129665,56478,27391,75016,-104103,29087
2006-09-12,79626,12909,34073,118677,52744,34857,66717,-84604,17887
2006-09-19,69197,18083,15429,79941,45551,32153,51114,-64512,13398
2006-09-26,67422,17480,19561,89145,49154,29512,49942,-69584,19642
2006-10-03,76049,19832,18656,90524,46148,30497,56217,-71868,15651
2006-10-10,69105,32577,27412,77236,51464,38168,36528,-49824,13296
2006-10-17,69850,43258,32824,67746,49391,41061,26592,-34922,8330
2006-10-24,70934,43783,38127,70020,46089,41347,27151,-31893,4742
2006-10-31,84563,24515,24644,102923,49545,31314,60048,-78279,18231
2006-11-07,96738,27813,25137,119259,53018,27821,68925,-94122,25197
2006-11-14,81912,21437,30625,114891,54825,31034,60475,-84266,23791
2006-11-21,84717,19411,35293,125408,55522,30713,65306,-90115,24809
2006-11-28,107372,17778,33719,142555,61446,42204,89594,-108836,19242
2006-12-05,115201,16936,34887,163201,67280,37231,98265,-128314,30049
2006-12-12,112188,15505,46473,175717,65695,33134,96683,-129244,32561
2006-12-19,110993,19023,19007,144006,62558,29529,91970,-124999,33029
2006-12-26,100959,20989,22399,138364,61609,25614,79970,-115965,35995
2007-01-03,98245,20789,26506,136076,63713,31599,77456,-109570,32114
2007-01-09,93415,18243,28061,132400,60487,31320,75172,-104339,29167
2007-01-16,67482,13940,31321,108505,63758,40116,53542,-77184,23642
2007-01-23,77516,16506,34954,115543,55255,35676,61010,-80589,19579
2007-01-30,85505,22926,34053,112355,53135,37412,62579,-78302,15723
2007-02-06,74223,28893,51936,117568,54569,34267,45330,-65632,20302
2007-02-13,105371,21576,26385,132507,53662,31335,83795,-106122,22327
2007-02-20,117811,18485,27304,150840,55060,30850,99326,-123536,24210
2007-02-27,123508,20910,33476,165096,61749,32727,102598,-131620,29022
2007-03-06,107164,18485,36846,152682,54986,27829,88679,-115836,27157
2007-03-13,113009,16854,44465,167858,56911,29673,96155,-123393,27238
2007-03-20,106188,18232,18674,135405,57108,28333,87956,-116731,28775
2007-03-27,116347,22606,19438,138232,56479,31426,93741,-118794,25053
2007-04-03,118379,23301,18325,143338,61004,31069,95078,-125013,29935
2007-04-10,126947,22553,22579,152751,61695,35917,104394,-130172,25778
2007-04-17,129044,22274,22960,158914,64702,35518,106770,-135954,29184
2007-04-24,137322,26040,26774,166155,67364,39265,111282,-139381,28099
2007-05-01,135399,28711,31403,166590,67391,38892,106688,-135187,28499
2007-05-08,130342,25072,30399,160424,60551,35796,105270,-130025,24755
2007-05-15,146922,27384,28486,170028,58771,36767,119538,-141542,22004
2007-05-22,126860,31573,35859,145736,53046,38456,95287,-109877,14590
2007-05-29,124206,29887,30545,146256,56153,34761,94319,-115711,21392
2007-06-05,119341,34376,33497,136957,59381,40886,84965,-103460,18495
2007-06-12,93562,42924,71199,140403,60186,41620,50638,-69204,18566
2007-06-19,85173,38832,47546,113147,50130,30870,46341,-65601,19260
2007-06-26,92876,25443,38856,125552,51473,32210,67433,-86696,19263
2007-07-03,101643,25119,29601,136922,62426,31629,76524,-107321,30797
2007-07-10,129843,26947,27319,157712,64951,37454,102896,-130393,27497
2007-07-17,123364,24179,31096,163661,64722,31342,99185,-132565,33380
2007-07-24,126890,30475,31658,162016,65218,31275,96415,-130358,33943
2007-07-31,104189,25736,49491,154719,58845,32070,78453,-105228,26775
2007-08-07,111634,32605,53782,161026,59514,31299,79029,-107244,28215
2007-08-14,90832,26158,71894,158307,51739,30000,64674,-86413,21739
2007-08-21,74037,35574,88533,147372,47958,27582,38463,-58839,20376
2007-08-28,74495,31669,98326,152882,43192,31462,42826,-54556,11730
2007-09-04,78483,31838,91240,155853,48761,30793,46645,-64613,17968
2007-09-11,86476,28262,93096,173688,53168,30790,58214,-80592,22378
2007-09-18,123169,37120,25057,136525,53891,28472,86049,-111468,25419
2007-09-25,122295,38847,29894,131573,55655,37424,83448,-101679,18231
2007-10-02,132323,37883,24276,137838,56469,37347,94440,-113562,19122
2007-10-09,117894,30728,26551,136226,58003,35494,87166,-109675,22509
2007-10-16,116748,30144,32931,141380,56755,34910,86604,-108449,21845
2007-10-23,100683,31667,39483,124130,54037,38406,69016,-84647,15631
2007-10-30,100809,31961,41037,128135,55865,37615,68848,-87098,18250
2007-11-06,109002,32954,48039,144656,58947,38378,76048,-96617,20569
2007-11-13,98821,29392,63973,149796,55209,38815,69429,-85823,16394
2007-11-20,98548,28520,70157,154389,57102,42898,70028,-84232,14204
2007-11-27,91335,24779,75599,155245,54492,41402,66556,-79646,13090
2007-12-04,93659,24542,85243,167434,54378,41304,69117,-82191,13074
2007-12-11,91012,27638,110298,186059,50804,38417,63374,-75761,12387
2007-12-18,67396,36247,33923,78738,47518,33852,31149,-44815,13666
2007-12-24,68111,37470,44647,87263,43349,31374,30641,-42616,11975
2007-12-31,71697,35042,48525,93036,44951,37095,36655,-44511,7856
2008-01-08,85915,34013,41398,108936,50715,35079,51902,-67538,15636
2008-01-15,81812,36830,42254,102175,51636,36697,44982,-59921,14939
2008-01-22,65581,41836,63634,99499,53761,41641,23745,-35865,12120
2008-01-29,62078,39622,77332,111456,45963,34295,22456,-34124,11668
2008-02-05,60106,47542,86513,109379,50762,40460,12564,-22866,10302
2008-02-12,55016,44721,103545,118882,47015,41973,10295,-15337,5042
2008-02-19,60926,46196,101376,120377,45648,41377,14730,-19001,4271
2008-02-26,75598,43820,88983,128844,51093,43010,31778,-39861,8083
2008-03-04,73238,41228,99752,141064,50698,41396,32010,-41312,9302
2008-03-11,81646,52547,118602,151616,42679,38764,29099,-33014,3915
2008-03-18,78310,51789,34582,65588,47511,43026,26521,-31006,4485
2008-03-25,90956,48185,28157,74502,42837,39263,42771,-46345,3574
2008-04-01,80290,51218,36173,68641,47223,43827,29072,-32468,3396
2008-04-08,86826,57391,41475,72091,44050,42869,29435,-30616,1181
2008-04-15,77532,57439,47123,70124,47940,45032,20093,-23001,2908
2008-04-22,81612,62705,41337,63449,52003,48798,18907,-22112,3205
2008-04-29,48319,69634,95786,71281,44984,48174,-21315,24505,-3190
2008-05-06,54383,66895,100580,91173,45475,42370,-12512,9407,3105
2008-05-13,55409,64908,106832,98679,42036,40690,-9499,8153,1346
2008-05-20,70240,63399,94653,104525,44508,41477,6841,-9872,3031
2008-05-27,64503,67893,108565,110485,45667,40357,-3390,-1920,5310
2008-06-03,55845,70299,128849,105376,42470,51489,-14454,23473,-9019
2008-06-10,57544,65084,148879,135196,36852,42995,-7540,13683,-6143
2008-06-17,49514,58804,32128,27941,47791,42688,-9290,4187,5103
2008-06-24,57904,56472,38893,49378,48115,39062,1432,-10485,9053
2008-07-01,88162,60479,40013,73450,49453,43699,27683,-33437,5754
2008-07-08,81210,57203,44165,69916,47953,46209,24007,-25751,1744
2008-07-15,85052,62003,45934,78687,49185,39481,23049,-32753,9704
2008-07-22,70588,66517,52550,58424,45129,43326,4071,-5874,1803
2008-07-29,51585,67803,54512,35374,41308,44228,-16218,19138,-2920
2008-08-05,55538,64985,59169,45026,42826,47522,-9447,14143,-4696
2008-08-12,39822,59249,54139,35030,48122,47804,-19427,19109,318
2008-08-19,39958,60322,55286,33789,54564,55697,-20364,21497,-1133
2008-08-26,36026,69804,72360,34980,42730,46332,-33778,37380,-3602
2008-09-02,37997,76620,81688,38194,40072,44943,-38623,43494,-4871
2008-09-09,35890,72322,98579,62462,44059,43744,-36432,36117,315
2008-09-16,35314,75968,68208,23682,33906,37778,-40654,44526,-3872
2008-09-23,33266,64323,79367,48721,37331,36920,-31057,30646,411
2008-09-30,27472,56404,91067,58098,49016,53053,-28932,32969,-4037
2008-10-07,32058,50720,92353,70752,52490,55429,-18662,21601,-2939
2008-10-14,24274,54374,102280,65951,46682,52911,-30100,36329,-6229
2008-10-21,23536,54156,94815,61489,62975,65681,-30620,33326,-2706
2008-10-28,25409,54461,99852,67164,65292,68928,-29052,32688,-3636
2008-11-04,27825,49258,87091,60936,51779,56501,-21433,26155,-4722
2008-11-11,25967,46588,92836,63077,48602,57740,-20621,29759,-9138
2008-11-18,29073,46431,86779,63127,46716,53010,-17358,23652,-6294
2008-11-25,27389,48867,89976,70266,52314,50546,-21478,19710,1768
2008-12-02,29631,49828,93058,73945,47946,46862,-20197,19113,1084
2008-12-09,29347,46015,90454,82700,55461,46547,-16668,7754,8914
2008-12-16,30798,37424,47746,50434,39851,30537,-6626,-2688,9314
2008-12-22,30977,34622,49358,56185,36812,26340,-3645,-6827,10472
2008-12-30,32529,35733,49384,56465,37506,27221,-3204,-7081,10285
2009-01-06,33733,36108,47299,58793,41739,27870,-2375,-11494,13869
2009-01-13,26970,36318,51117,51090,38066,28745,-9348,27,9321
2009-01-20,27780,35360,61010,55952,41784,39262,-7580,5058,2522
2009-01-27,32077,39566,65248,61249,35933,32443,-7489,3999,3490
2009-02-03,35350,44402,70629,67183,38404,32798,-9052,3446,5606
2009-02-10,33943,43937,76264,69706,41057,37621,-9994,6558,3436
2009-02-17,32809,48246,85908,70830,38610,38251,-15437,15078,359
2009-02-24,33201,43282,94813,87296,38022,35458,-10081,7517,2564
2009-03-03,34175,53606,110616,91184,38113,38114,-19431,19432,-1
2009-03-10,33930,44162,104740,99415,39689,34782,-10232,5325,4907
2009-03-17,33657,42696,37055,34864,39817,32969,-9039,2191,6848
2009-03-24,32680,38138,37912,44237,41703,29920,-5458,-6325,11783
2009-03-31,31906,29641,31025,44789,40799,29300,2265,-13764,11499
2009-04-07,31596,27724,40545,58703,40923,26637,3872,-18158,14286
2009-04-14,32836,27261,38217,55083,36769,25478,5575,-16866,11291
2009-04-21,29708,28111,41574,46109,34763,31825,1597,-4535,2938
2009-04-28,30292,32365,43424,41730,34620,34241,-2073,1694,379
2009-05-05,35025,31657,39419,47642,35846,30991,3368,-8223,4855
2009-05-12,41355,30940,40143,60005,42113,32666,10415,-19862,9447
2009-05-19,41754,29504,43028,65540,40129,29867,12250,-22512,10262
2009-05-26,47203,31619,44732,75899,46762,31179,15584,-31167,15583
2009-06-02,48585,41792,55089,77093,46473,31262,6793,-22004,15211
2009-06-09,49185,34161,56630,89250,42725,25129,15024,-32620,17596
2009-06-16,39854,27369,24479,48713,41869,30120,12485,-24234,11749
2009-06-23,48252,30829,26865,53808,42570,33050,17423,-26943,9520
2009-06-30,47701,30482,26203,51561,40632,32493,17219,-25358,8139
2009-07-07,49042,38730,26172,52119,48418,32783,10312,-25947,15635
2009-07-14,44406,30507,24948,54646,46899,31100,13899,-29698,15799
2009-07-21,66273,31501,24786,79766,51891,31683,34772,-54980,20208
2009-07-28,55671,35384,26861,65511,53322,34959,20287,-38650,18363
2009-08-04,61443,34337,22984,72454,52864,30500,27106,-49470,22364
2009-08-11,46396,29585,27364,63139,55898,36934,16811,-35775,18964
2009-08-18,38823,33091,36807,58205,51236,35570,5732,-21398,15666
2009-08-25,48251,30080,30702,69127,48580,28326,18171,-38425,20254
2009-09-01,42624,33607,38126,63345,46291,30089,9017,-25219,16202
2009-09-08,56543,38510,38907,79614,51653,28979,18033,-40707,22674
2009-09-15,74562,36790,22673,86212,58775,33008,37772,-63539,25767
2009-09-22,76545,38545,30609,91187,55024,32446,38000,-60578,22578
2009-09-29,77852,38086,32122,94246,54509,32151,39766,-62124,22358
2009-10-06,86229,35184,30059,105599,54234,29739,51045,-75540,24495
2009-10-13,79762,36395,30875,96922,55312,32632,43367,-66047,22680
2009-10-20,77829,41796,38176,94579,53834,33464,36033,-56403,20370
2009-10-27,67843,34974,40621,97333,55520,31677,32869,-56712,23843
2009-11-03,64023,41832,44743,86446,51617,32105,22191,-41703,19512
2009-11-09,67904,42731,43340,87461,52237,33289,25173,-44121,18948
2009-11-17,64268,52312,52687,83939,54985,35689,11956,-31252,19296
2009-11-24,70841,52374,53323,89903,49168,31055,18467,-36580,18113
2009-12-01,71123,48972,49443,94717,53954,30831,22151,-45274,23123
2009-12-08,52035,52546,76017,92315,45214,28405,-511,-16298,16809
2009-12-15,42987,59435,39669,40728,48690,31183,-16448,-1059,17507
2009-12-22,40925,55252,45292,46838,47921,32048,-14327,-1546,15873
2009-12-29,34132,67929,66911,41361,42210,33963,-33797,25550,8247
2010-01-05,37229,73017,75603,46052,42455,36218,-35788,29551,6237
2010-01-12,36186,54103,77041,65306,46227,40045,-17917,11735,6182
2010-01-19,34186,59468,80493,59772,48050,43489,-25282,20721,4561
2010-01-26,33106,72645,107572,66224,43648,45457,-39539,41348,-1809
2010-02-02,31207,74948,110320,63773,44671,47477,-43741,46547,-2806
2010-02-09,34867,92019,120004,56636,41888,48104,-57152,63368,-6216
2010-02-16,34459,93881,119236,55730,41551,45635,-59422,63506,-4084
2010-02-23,32728,104351,135199,56953,38824,45447,-71623,78246,-6623
2010-03-02,35894,102664,135287,66049,45897,48365,-66770,69238,-2468
2010-03-09,32589,107140,169613,88988,39086,45160,-74551,80625,-6074
2010-03-16,41800,88141,82124,32720,38467,41530,-46341,49404,-3063
2010-03-23,39953,114870,113860,31884,40160,47219,-74917,81976,-7059
2010-03-30,35205,120531,147689,49896,38924,51391,-85326,97793,-12467
2010-04-06,39036,106259,129186,52156,39574,49381,-67223,77030,-9807
2010-04-13,37157,92621,124881,58998,39877,50296,-55464,65883,-10419
2010-04-20,33614,105038,130859,54711,41483,46207,-71424,76148,-4724
2010-04-27,34462,123475,155391,58045,44149,52482,-89013,97346,-8333
2010-05-04,36675,140077,175841,62928,45662,55173,-103402,112913,-9511
2010-05-11,39584,153474,197808,73314,47444,58048,-113890,124494,-10604
2010-05-18,54411,161554,195262,76108,48129,60140,-107143,119154,-12011
2010-05-25,45630,152366,190207,72954,44016,54533,-106736,117253,-10517
2010-06-01,45006,138331,176197,79109,50814,54577,-93325,97088,-3763
2010-06-08,45938,157883,198558,87172,50669,50110,-111945,111386,559
2010-06-15,49526,111886,133605,58614,42646,55277,-62360,74991,-12631
2010-06-22,41013,111987,139417,58197,42856,53102,-70974,81220,-10246
2010-06-29,43357,117027,140113,56627,41321,51137,-73670,83486,-9816
2010-07-06,56316,95225,122675,80214,47730,51282,-38909,42461,-3552
2010-07-13,56187,83237,123535,88641,45018,52862,-27050,34894,-7844
2010-07-20,55008,79259,130879,97825,42241,51044,-24251,33054,-8803
2010-07-27,56622,77961,130508,101249,43272,51192,-21339,29259,-7920
2010-08-03,60410,67707,127496,116469,46079,49809,-7297,11027,-3730
2010-08-10,55797,59528,132681,127762,44484,45672,-3731,4919,-1188
2010-08-17,61324,75951,137257,124115,50258,48773,-14627,13142,1485
2010-08-24,54591,76194,142830,118301,46829,49755,-21603,24529,-2926
2010-08-31,51099,76668,143877,112447,43976,49837,-25569,31430,-5861
2010-09-07,53156,76855,148315,118728,53764,59652,-23699,29587,-5888
2010-09-14,54543,64187,67986,58316,47100,47126,-9644,9670,-26
2010-09-21,52300,47203,63931,70956,48627,46699,5097,-7025,1928
2010-09-28,70638,35308,64109,106549,54367,47257,35330,-42440,7110
2010-10-05,72979,24736,66364,122353,55978,48232,48243,-55989,7746
2010-10-12,68718,27207,73180,122239,53055,45507,41511,-49059,7548
2010-10-19,74855,28107,80283,143118,62319,46232,46748,-62835,16087
2010-10-26,70109,29604,79733,130949,56406,45695,40505,-51216,10711
2010-11-02,70185,31575,74771,125394,58837,46824,38610,-50623,12013
2010-11-09,61477,38194,80065,117860,57478,42966,23283,-37795,14512
2010-11-16,54708,46102,82056,99611,54066,45117,8606,-17555,8949
2010-11-23,43670,51963,90172,91128,48239,38990,-8293,-956,9249
2010-11-30,47264,54512,96865,94867,55948,50698,-7248,1998,5250
2010-12-07,32322,47612,115122,92641,47101,54292,-15290,22481,-7191
2010-12-14,35689,45993,63095,50387,47751,50155,-10304,12708,-2404
2010-12-21,38604,52697,68741,54908,48120,47860,-14093,13833,260
2010-12-28,33833,60312,80025,52498,47602,48650,-26479,27527,-1048
2011-01-04,37102,61303,77703,52848,47249,47903,-24201,24855,-654
2011-01-11,42359,87541,108835,58443,49493,54703,-45182,50392,-5210
2011-01-18,67309,63200,65807,71021,54183,53078,4109,-5214,1105
2011-01-25,73488,50587,62983,91071,62138,56951,22901,-28088,5187
2011-02-01,80381,40447,65404,111805,63481,57014,39934,-46401,6467
2011-02-08,73502,38768,65994,113877,60524,47375,34734,-47883,13149
2011-02-15,63395,30931,69268,111581,57285,47436,32464,-42313,9849
2011-02-22,77454,31856,68789,122623,57896,49660,45598,-53834,8236
2011-03-01,83104,31796,66564,129694,63127,51305,51308,-63130,11822
2011-03-08,98171,35877,93190,167583,61739,49640,62294,-74393,12099
2011-03-15,86506,40190,44477,108111,57920,40602,46316,-63634,17318
2011-03-22,81574,33221,53020,113015,58080,46438,48353,-59995,11642
2011-03-29,93031,36401,62196,134511,60800,45115,56630,-72315,15685
2011-04-05,99405,39548,70097,146642,65269,48581,59857,-76545,16688
2011-04-12,105425,40440,69054,151768,67024,49295,64985,-82714,17729
2011-04-19,102686,40491,74976,155704,64455,45922,62195,-80728,18533
2011-04-26,105683,37404,72619,161952,68461,47407,68279,-89333,21054
2011-05-03,128460,28944,62075,186930,70935,45596,99516,-124855,25339
2011-05-10,98054,36607,83295,163027,60364,42079,61447,-79732,18285
2011-05-17,89941,48296,105953,157756,53506,43348,41645,-51803,10158
2011-05-24,75182,56053,134068,156886,48517,44828,19129,-22818,3689
2011-05-31,80494,58524,136097,164386,51791,45472,21970,-28289,6319
2011-06-07,96555,44719,133843,193019,64573,57233,51836,-59176,7340
2011-06-14,84580,34686,48746,113295,56525,41870,49894,-64549,14655
2011-06-21,72153,42382,62478,103169,53967,43047,29771,-40691,10920
2011-06-28,68800,35813,57791,101137,55862,45503,32987,-43346,10359
2011-07-05,81860,38666,54485,111116,57031,43594,43194,-56631,13437
2011-07-12,61392,48976,70726,86428,52766,49480,12416,-15702,3286
2011-07-19,58580,49334,77199,83685,43513,46273,9246,-6486,-2760
2011-07-26,60177,43139,71503,97247,50933,42227,17038,-25744,8706
2011-08-02,58313,56550,85149,91248,46194,41858,1763,-6099,4336
2011-08-09,49029,57302,86027,81060,46408,43102,-8273,4967,3306
2011-08-16,47094,40368,75036,82944,45158,43976,6726,-7908,1182
2011-08-23,47711,45172,78732,84822,47389,43838,2539,-6090,3551
2011-08-30,43894,44278,81983,85137,51105,47567,-384,-3154,3538
2011-09-06,33167,69610,128794,83050,45133,54434,-36443,45744,-9301
2011-09-13,25704,80163,194836,115819,42132,66690,-54459,79017,-24558
2011-09-20,19920,99380,147760,44819,32594,56075,-79460,102941,-23481
2011-09-27,19705,102178,159618,51938,34809,60016,-82473,107680,-25207
2011-10-04,18104,100801,169387,60185,32554,59059,-82697,109202,-26505
2011-10-11,17040,90835,170021,69466,35426,62186,-73795,100555,-26760
2011-10-18,20977,98697,178450,70717,30235,60248,-77720,107733,-30013
2011-10-25,21323,97835,181494,76852,32143,60273,-76512,104642,-28130
2011-11-01,26311,86371,167499,86554,33833,54718,-60060,80945,-20885
2011-11-08,27943,82200,168347,88975,32742,57857,-54257,79372,-25115
2011-11-15,24048,100195,187608,79137,31351,63675,-76147,108471,-32324
2011-11-22,25943,111011,199707,81373,31234,64500,-85068,118334,-33266
2011-11-29,27620,131922,218546,80704,29040,62580,-104302,137842,-33540
2011-12-06,34521,130335,215981,92238,29471,57400,-95814,123743,-27929
2011-12-13,35507,151964,244941,101015,32211,59680,-116457,143926,-27469
2011-12-20,49557,163254,188839,45720,27224,56646,-113697,143119,-29422
2011-12-27,45183,173062,204337,47710,25516,54264,-127879,156627,-28748
2012-01-03,40441,179350,212985,46916,28432,55592,-138909,166069,-27160
2012-01-10,29770,184965,231765,50103,31597,58064,-155195,181662,-26467
2012-01-17,28396,188426,238254,51069,32951,60106,-160030,187185,-27155
2012-01-24,31299,202646,248435,50819,33669,59938,-171347,197616,-26269
2012-01-31,31906,189452,239127,55202,31940,58319,-157546,183925,-26379
2012-02-07,32128,172721,221948,56784,32383,56954,-140593,165164,-24571
2012-02-14,26774,175415,228941,53808,31954,58446,-148641,175133,-26492
2012-02-21,29369,171528,221151,51617,33774,61149,-142159,169534,-27375
2012-02-28,35728,145402,194512,63056,35554,57336,-109674,131456,-21782
2012-03-06,39943,156416,205574,63286,33112,58927,-116473,142288,-25815
2012-03-13,40325,139661,212175,83411,43680,73108,-99336,128764,-29428
2012-03-20,50416,133370,176529,63974,30528,60129,-82954,112555,-29601
2012-03-27,34033,123162,168190,55639,36029,59451,-89129,112551,-23422
2012-04-03,39835,119315,166622,62119,33291,58314,-79480,104503,-25023
2012-04-10,39253,140617,204616,66567,29781,66466,-101364,138049,-36685
2012-04-17,40310,158435,226108,70285,27817,65515,-118125,155823,-37698
2012-04-24,36289,149656,219295,70017,30148,66059,-113367,149278,-35911
2012-05-01,34957,141947,211742,68746,30878,66884,-106990,142996,-36006
2012-05-08,36022,180006,252598,69712,30969,69871,-143984,182886,-38902
2012-05-15,38475,212344,286563,66730,29968,75932,-173869,219833,-45964
2012-05-22,34714,230075,308311,69614,31085,74421,-195361,238697,-43336
2012-05-29,40287,243702,318223,71325,32852,76335,-203415,246898,-43483
2012-06-05,36651,251069,328987,69903,31022,75688,-214418,259084,-44666
2012-06-12,39245,234432,317031,82599,31653,70898,-195187,234432,-39245
2012-06-19,54449,195515,224084,47855,31406,66569,-141066,176229,-35163
2012-06-26,36933,196813,244942,47522,31954,69494,-159880,197420,-37540
2012-07-03,32236,178413,235912,54541,31947,67141,-146177,181371,-35194
2012-07-10,36409,202114,251888,49424,35572,72331,-165705,202464,-36759
2012-07-17,31821,199070,254350,51144,34673,70630,-167249,203206,-35957
2012-07-24,39501,194567,248645,56865,33118,69832,-155066,191780,-36714
2012-07-31,41327,180321,234082,61370,32713,66431,-138994,172712,-33718
2012-08-07,46742,178453,238441,74547,34067,66250,-131711,163894,-32183
2012-08-14,43152,180962,241859,73974,33499,63574,-137810,167885,-30075
2012-08-21,45986,169918,232459,85016,39808,63319,-123932,147443,-23511
2012-08-28,45927,147488,224688,97055,37843,63915,-101561,127633,-26072
2012-09-04,46580,148886,225276,100488,38929,61411,-102306,124788,-22482
2012-09-11,43180,136838,230240,117157,43134,62559,-93658,113083,-19425
2012-09-18,48817,122299,140884,53819,43282,56865,-73482,87065,-13583
2012-09-25,53345,103583,119654,59930,43670,53156,-50238,59724,-9486
2012-10-02,48335,98600,123654,64024,43132,52497,-50265,59630,-9365
2012-10-09,39946,112516,142542,60144,41851,51679,-72570,82398,-9828
2012-10-16,42041,95536,131046,63590,43302,57263,-53495,67456,-13961
2012-10-23,38171,93390,133705,64140,41897,56243,-55219,69565,-14346
2012-10-30,38189,96393,139267,64121,41205,58147,-58204,75146,-16942
2012-11-06,45212,112353,143191,54864,36650,57836,-67141,88327,-21186
2012-11-13,39863,123509,150428,48432,38801,57151,-83646,101996,-18350
2012-11-20,36692,128092,155028,45063,37762,56327,-91400,109965,-18565
2012-11-27,35799,102492,130148,50616,40545,53384,-66693,79532,-12839
2012-12-04,48300,81095,117877,78193,46829,53718,-32795,39684,-6889
2012-12-11,51536,83159,133355,98757,47413,50388,-31623,34598,-2975
2012-12-18,69460,79196,71803,64052,49425,47440,-9736,7751,1985
2012-12-24,75072,77621,72084,76154,52584,45965,-2549,-4070,6619
2012-12-31,81932,76806,71891,82481,50816,45352,5126,-10590,5464
2013-01-08,66329,74364,77301,67829,47896,49333,-8035,9472,-1437
2013-01-15,80174,72859,73119,88184,55270,47520,7315,-15065,7750
2013-01-22,83840,62459,74708,102356,53704,47437,21381,-27648,6267
2013-01-29,93791,66319,81422,116865,57975,50004,27472,-35443,7971
2013-02-05,97397,59445,89236,131946,59055,54297,37952,-42710,4758
2013-02-12,87135,62954,92973,126202,55326,46278,24181,-33229,9048
2013-02-19,81014,61911,91704,118002,56391,49196,19103,-26298,7195
2013-02-26,74832,84226,101311,93280,48621,47258,-9394,8031,1363
2013-03-05,63355,89471,107811,69195,40548,53048,-26116,38616,-12500
2013-03-12,57473,82260,104909,68989,43030,54163,-24787,35920,-11133
2013-03-19,48958,93842,102319,44157,38234,51512,-44884,58162,-13278
2013-03-26,41260,90355,117345,54862,39248,52636,-49095,62483,-13388
2013-04-02,44459,110160,147918,63699,37479,55997,-65701,84219,-18518
2013-04-09,35343,86201,141694,72488,37783,56131,-50858,69206,-18348
2013-04-16,49321,79085,121372,76858,39206,53956,-29764,44514,-14750
2013-04-23,47807,82082,127780,78147,38861,54219,-34275,49633,-15358
2013-04-30,56771,86920,113781,77610,46699,52721,-30149,36171,-6022
2013-05-07,52517,86050,115146,69030,41040,53623,-33533,46116,-12583
2013-05-14,52843,99764,132700,65854,40178,60103,-46921,66846,-19925
2013-05-21,43037,123986,177851,69705,38327,65524,-80949,108146,-27197
2013-05-28,36916,121560,180752,70174,39979,65913,-84644,110578,-25934
2013-06-04,43804,95425,148967,78413,40196,59129,-51621,70554,-18933
2013-06-11,68956,76489,128701,106793,47901,62276,-7533,21908,-14375
2013-06-18,91304,71274,64586,80432,52558,56742,20030,-15846,-4184
2013-06-25,87192,69835,70649,86799,48759,49966,17357,-16150,-1207
2013-07-02,59270,75360,88115,61074,42731,53682,-16090,27041,-10951
2013-07-09,52159,93059,124661,62042,41932,63651,-40900,62619,-21719
2013-07-16,53228,90393,126783,65982,34391,58027,-37165,60801,-23636
2013-07-23,63130,91030,109572,68740,41090,54022,-27900,40832,-12932
2013-07-30,78211,86715,96694,73239,43172,58123,-8504,23455,-14951
2013-08-06,85239,79178,90858,86556,47327,57690,6061,4302,-10363
2013-08-13,89984,73927,85283,87207,45140,59273,16057,-1924,-14133
2013-08-20,113092,76346,78210,109391,52519,58084,36746,-31181,-5565
2013-08-27,113592,73511,78540,114408,50876,55089,40081,-35868,-4213
2013-09-03,98589,75851,99298,107939,39921,54018,22738,-8641,-14097
2013-09-10,82772,70076,122829,123285,43289,55529,12696,-456,-12240
2013-09-17,100963,69056,73890,94356,39864,51305,31907,-20466,-11441
2013-09-24,129862,64018,72759,138915,48181,47869,65844,-66156,312
2013-10-01,128580,60304,73837,140700,47284,48697,68276,-66863,-1413
2013-10-08,127301,58618,81614,147287,48379,51389,68683,-65673,-3010
2013-10-15,121327,60953,84477,138835,45353,51369,60374,-54358,-6016
2013-10-22,137061,64627,82406,153006,52909,54743,72434,-70600,-1834
2013-10-29,136054,65437,87462,156340,53599,55338,70617,-68878,-1739
2013-11-05,103333,70190,93269,124922,48977,50467,33143,-31653,-1490
2013-11-12,86121,69295,97194,93189,38452,59283,16826,4005,-20831
2013-11-19,81070,72159,105889,95999,38006,56807,8911,9890,-18801
2013-11-26,74118,74549,120631,99633,37844,58411,-431,20998,-20567
2013-12-03,82230,72918,120205,109636,41038,60919,9312,10569,-19881
2013-12-10,91669,75739,152652,149951,49494,68125,15930,2701,-18631
2013-12-17,97780,69857,83222,97675,46019,59489,27923,-14453,-13470
2013-12-24,102462,70290,87272,106981,45647,58110,32172,-19709,-12463
2013-12-31,101916,71327,88251,108680,47087,57247,30589,-20429,-10160
2014-01-07,88119,73621,105422,99143,40075,60852,14498,6279,-20777
2014-01-14,87059,77813,107883,98891,42980,61218,9246,8992,-18238
2014-01-21,79321,83093,131073,96012,38741,70030,-3772,35061,-31289
2014-01-28,86963,72616,126816,118340,40357,63180,14347,8476,-22823
2014-02-04,67614,81224,160736,119781,36823,64168,-13610,40955,-27345
2014-02-11,75048,81977,157239,131888,41066,59488,-6929,25351,-18422
2014-02-18,88634,80035,149375,142788,46243,61429,8599,6587,-15186
2014-02-25,93003,79103,149693,149405,46580,60768,13900,288,-14188
2014-03-04,103868,80416,144494,155241,48210,60915,23452,-10747,-12705
2014-03-11,110103,73718,148565,170697,54931,69184,36385,-22132,-14253
2014-03-18,117819,64828,91888,130331,50122,64670,52991,-38443,-14548
2014-03-25,106914,67280,103755,126788,46532,63133,39634,-23033,-16601
2014-04-01,101849,68611,111333,125794,42599,61376,33238,-14461,-18777
2014-04-08,92635,69335,120001,125354,43729,61676,23300,-5353,-17947
2014-04-15,106252,78564,116428,125819,43070,61367,27688,-9391,-18297
2014-04-22,101204,75430,116984,123395,43474,62837,25774,-6411,-19363
2014-04-29,102285,76551,118635,124082,43963,64250,25734,-5447,-20287
2014-05-06,110673,78122,108249,123865,50182,67117,32551,-15616,-16935
2014-05-13,84383,86558,131899,112028,45145,62841,-2175,19871,-17696
2014-05-20,75013,84233,145672,114357,40924,63019,-9220,31315,-22095
2014-05-27,70753,87386,157716,116315,39247,64015,-16633,41401,-24768
2014-06-03,57109,90134,177505,116655,38419,66244,-33025,60850,-27825
2014-06-10,43739,100924,224523,136545,40873,71666,-57185,87978,-30793
2014-06-17,51405,113240,196143,103622,33681,64367,-61835,92521,-30686
2014-06-24,55062,112565,197697,107032,33592,66754,-57503,90665,-33162
2014-07-01,52665,113441,196567,105198,36902,67495,-60776,91369,-30593
2014-07-08,51595,110860,204115,107205,33192,70837,-59265,96910,-37645
2014-07-15,59506,122352,212426,109017,33139,73702,-62846,103409,-40563
2014-07-22,58142,146965,239961,108966,36419,78591,-88823,130995,-42172
2014-07-29,56562,164637,259960,104377,34712,82220,-108075,155583,-47508
2014-08-05,55179,183926,283373,104329,33845,84142,-128747,179044,-50297
2014-08-12,51596,177613,282707,107353,35964,85301,-126017,175354,-49337
2014-08-19,56774,195599,299068,109422,33921,84742,-138825,189646,-50821
2014-08-26,53989,204646,306073,109975,36618,82059,-150657,196098,-45441
2014-09-02,59398,220821,317713,108749,35508,83049,-161423,208964,-47541
2014-09-09,59376,216881,342823,133916,36588,87990,-157505,208907,-51402
2014-09-16,79552,216701,283275,94029,29840,81937,-137149,189246,-52097
2014-09-23,60654,202619,297160,106324,32965,81836,-141965,190836,-48871
2014-09-30,67030,204555,302134,114913,34125,83821,-137525,187221,-49696
2014-10-07,61467,207679,324023,124709,32499,85601,-146212,199314,-53102
2014-10-14,60158,215500,337436,132670,30677,80101,-155342,204766,-49424
2014-10-21,60188,219559,340562,132521,31719,80389,-159371,208041,-48670
2014-10-28,59054,224761,343150,130765,31363,78041,-165707,212385,-46678
2014-11-04,59566,238587,367033,129740,30991,89263,-179021,237293,-58272
2014-11-11,60454,224347,365507,142559,31087,90142,-163893,222948,-59055
2014-11-18,58048,226778,365846,141782,31968,87302,-168730,224064,-55334
2014-11-25,57982,223062,366561,144526,31720,88675,-165080,222035,-56955
2014-12-02,57272,216551,358219,143333,34246,89853,-159279,214886,-55607
2014-12-09,58306,195218,367178,174825,33848,89289,-136912,192353,-55441
2014-12-16,56179,182834,268612,95144,34303,81116,-126655,173468,-46813
2014-12-23,40690,187294,295843,99595,30468,80112,-146604,196248,-49644
2014-12-30,43202,195421,302896,101172,30452,79957,-152219,201724,-49505
2015-01-06,46016,207056,322212,105617,31225,86780,-161040,216595,-55555
2015-01-13,50858,218709,331934,106709,32523,89897,-167851,225225,-57374
2015-01-20,52047,232777,350433,114236,38556,94023,-180730,236197,-55467
2015-01-27,50489,235234,355311,111048,34977,94495,-184745,244263,-59518
2015-02-03,47719,244028,366203,113239,35119,91774,-196309,252964,-56655
2015-02-10,47217,241858,355674,110223,33562,84372,-194641,245451,-50810
2015-02-17,47175,232757,349201,111559,34535,86595,-185582,237642,-52060
2015-02-24,45511,223247,343315,116354,35546,84771,-177736,226961,-49225
2015-03-03,48467,220856,347041,122394,36056,88314,-172389,224647,-52258
2015-03-10,61271,242344,369650,136170,40353,92760,-181073,233480,-52407
2015-03-17,56329,250103,348754,101065,36619,90534,-193774,247689,-53915
2015-03-24,50148,271111,366788,94933,37723,88615,-220963,271855,-50892
2015-03-31,41709,268269,372420,97951,38381,86290,-226560,274469,-47909
2015-04-07,39444,254702,356228,96223,38336,83083,-215258,260005,-44747
2015-04-14,45264,257611,358360,101060,40313,85266,-212347,257300,-44953
2015-04-21,46821,261466,361058,102833,40010,83590,-214645,258225,-43580
2015-04-28,50734,248500,356986,116294,40997,83923,-197766,240692,-42926
2015-05-05,50116,240243,343981,116070,45384,83168,-190127,227911,-37784
2015-05-12,43333,222309,345101,127933,42302,80494,-178976,217168,-38192
2015-05-19,38758,207097,338273,129839,41998,82093,-168339,208434,-40095
2015-05-26,44221,215961,336026,127583,39970,76673,-171740,208443,-36703
2015-06-02,49471,214983,326452,119316,39394,81018,-165512,207136,-41624
2015-06-09,52643,190617,316710,139995,41347,80088,-137974,176715,-38741
2015-06-16,82714,172071,225812,102841,37128,70742,-89357,122971,-33614
2015-06-23,67867,167173,233162,101253,39376,71979,-99306,131909,-32603
2015-06-30,65554,165589,236963,102207,38072,72793,-100035,134756,-34721
2015-07-07,66161,165427,245408,103930,37784,79996,-99266,141478,-42212
2015-07-14,62676,170457,249129,105205,39111,75254,-107781,143924,-36143
2015-07-21,65728,178704,254622,101507,39107,79246,-112976,153115,-40139
2015-07-28,67842,171850,244469,103550,37973,74884,-104008,140919,-36911
2015-08-04,70620,184014,254646,102623,36596,75225,-113394,152023,-38629
2015-08-11,67373,182583,248825,96502,39031,76144,-115210,152323,-37113
2015-08-18,68473,161205,240738,118412,40620,70214,-92732,122326,-29594
2015-08-25,87807,153885,235992,144841,42988,68061,-66078,91151,-25073
2015-09-01,74910,142767,238443,150100,41863,62349,-67857,88343,-20486
2015-09-08,75715,156956,254844,146399,39435,66639,-81241,108445,-27204
2015-09-15,63416,147618,201476,99066,39730,57938,-84202,102410,-18208
2015-09-22,63526,144559,204828,102714,41352,62433,-81033,102114,-21081
2015-09-29,61932,149592,215338,103272,39256,63662,-87660,112066,-24406
2015-10-06,65410,154220,222477,113970,42037,61734,-88810,108507,-19697
2015-10-13,71132,151708,226415,129400,45664,62103,-80576,97015,-16439
2015-10-20,76291,138857,229622,150293,44130,60893,-62566,79329,-16763
2015-10-27,70351,176285,261683,127233,42181,70697,-105934,134450,-28516
2015-11-03,72883,207217,288232,119288,39822,74432,-134334,168944,-34610
2015-11-10,78994,221933,294780,110225,41376,82992,-142939,184555,-41616
2015-11-17,78898,243075,307454,103302,43375,83350,-164177,204152,-39975
2015-11-24,76296,251780,318441,102519,42439,82877,-175484,215922,-40438
2015-12-01,78782,261627,330854,106332,43882,85559,-182845,224522,-41677
2015-12-08,80378,252709,309680,112572,58980,83757,-172331,197108,-24777
2015-12-15,71295,231256,275052,89741,53795,79145,-159961,185311,-25350
2015-12-22,70509,231556,275354,93283,55380,76404,-161047,182071,-21024
2015-12-29,66973,227523,273701,93279,54847,74719,-160550,180422,-19872
2016-01-05,66857,227500,276815,97443,58935,77664,-160643,179372,-18729
2016-01-12,63162,209613,271543,109792,58042,73342,-146451,161751,-15300
2016-01-19,69449,206464,265334,117867,59533,69985,-137015,147467,-10452
2016-01-26,71446,198661,267012,124194,57543,73146,-127215,142818,-15603
2016-02-02,96012,183085,259869,147872,41289,66213,-87073,111997,-24924
2016-02-09,114607,177921,268586,194562,49679,60389,-63314,74024,-10710
2016-02-16,113970,162175,258996,205232,49238,54797,-48205,53764,-5559
2016-02-23,107566,154423,258954,205427,48426,55096,-46857,53527,-6670
2016-03-01,103965,172506,260901,174403,44460,62417,-68541,86498,-17957
2016-03-08,104165,176072,263377,173378,47416,65508,-71907,89999,-18092
2016-03-15,90353,167908,180672,92859,44990,55248,-77555,87813,-10258
2016-03-22,91334,157387,176950,103926,49212,56183,-66053,73024,-6971
2016-03-29,93726,157537,178491,111140,51826,55366,-63811,67351,-3540
2016-04-05,98014,151501,180268,120531,53452,59702,-53487,59737,-6250
2016-04-12,89216,141267,182596,126793,55116,58868,-52051,55803,-3752
2016-04-19,101211,148128,185459,133519,52533,57556,-46917,51940,-5023
2016-04-26,99072,138739,182996,138270,49917,54976,-39667,44726,-5059
2016-05-03,113034,136653,184524,156966,54626,58565,-23619,27558,-3939
2016-05-10,101277,123149,181863,152379,52837,60449,-21872,29484,-7612
2016-05-17,101723,124310,186065,151949,50428,61957,-22587,34116,-11529
2016-05-24,93955,131850,193758,145257,51147,61753,-37895,48501,-10606
2016-05-31,98218,135872,198726,148012,48602,61662,-37654,50714,-13060
2016-06-07,93492,160604,207448,127910,57681,70107,-67112,79538,-12426
2016-06-14,104510,160999,168953,98248,43988,58204,-56489,70705,-14216
2016-06-21,88639,149985,174231,100833,44046,56098,-61346,73398,-12052
2016-06-28,109580,171514,175747,99094,41089,55808,-61934,76653,-14719
2016-07-05,112011,187338,197845,104095,40356,58779,-75327,93750,-18423
2016-07-12,107635,195295,211520,103371,40954,61443,-87660,108149,-20489
2016-07-19,111578,211469,225909,101654,40631,64995,-99891,124255,-24364
2016-07-26,109193,221793,239073,103338,42327,65462,-112600,135735,-23135
2016-08-02,104516,208619,218778,99452,46130,61353,-104103,119326,-15223
2016-08-09,100442,198841,218984,99470,41599,62714,-98399,119514,-21115
2016-08-16,103060,195568,208203,99798,46303,62200,-92508,108405,-15897
2016-08-23,105374,182032,202180,111006,48087,62603,-76658,91174,-14516
2016-08-30,108261,190186,204241,103433,45283,64166,-81925,100808,-18883
2016-09-06,97324,189954,220781,107441,45546,66256,-92630,113340,-20710
2016-09-13,91783,173258,216048,112825,45916,67664,-81475,103223,-21748
2016-09-20,95698,180723,177910,77967,44603,59521,-85025,99943,-14918
2016-09-27,100492,176522,174828,86986,45062,56874,-76030,87842,-11812
2016-10-04,105634,187693,186827,89483,46415,61700,-82059,97344,-15285
2016-10-11,114284,207756,209879,99131,45694,62970,-93472,110748,-17276
2016-10-18,128181,237449,230197,104790,45728,61867,-109268,125407,-16139
2016-10-25,142881,266737,246230,108147,50478,64705,-123856,138083,-14227
2016-11-01,126443,263828,261922,105533,44892,63896,-137385,156389,-19004
2016-11-08,118897,248211,245616,101035,43609,58876,-129314,144581,-15267
2016-11-15,121575,240757,235596,104624,50453,62243,-119182,130972,-11790
2016-11-22,127122,246470,243796,111726,53708,66430,-119348,132070,-12722
2016-11-29,136108,255348,245355,116561,54681,64235,-119240,128794,-9554
2016-12-06,123390,237946,246681,120065,51871,63931,-114556,126616,-12060
2016-12-13,123597,211110,259537,160236,53749,65537,-87513,99301,-11788
2016-12-20,117460,195505,219648,130749,51930,62784,-78045,88899,-10854
2016-12-27,123281,192689,220288,141332,52160,61708,-69408,78956,-9548
2017-01-03,129701,199757,221781,148076,55203,58852,-70056,73705,-3649
2017-01-10,134747,200570,219984,147154,53374,60381,-65823,72830,-7007
2017-01-17,128846,195346,225333,150756,52044,60121,-66500,74577,-8077
2017-01-24,131904,184252,224017,163750,51280,59199,-52348,60267,-7919
2017-01-31,125689,171402,218274,164996,52495,60060,-45713,53278,-7565
2017-02-07,126708,171659,220490,171635,53652,57556,-44951,48855,-3904
2017-02-14,125333,172097,216770,159331,53762,64437,-46764,57439,-10675
2017-02-21,130981,189232,220218,155969,55437,61435,-58251,64249,-5998
2017-02-28,143584,194748,220938,162414,56127,63487,-51164,58524,-7360
2017-03-07,137662,197163,228335,161564,58025,65295,-59501,66771,-7270
2017-03-14,148272,189299,166321,128708,57472,54058,-41027,37613,3414
2017-03-21,159590,179252,176574,160480,60477,56909,-19662,16094,3568
2017-03-28,163648,171571,177046,171114,58920,56929,-7923,5932,1991
2017-04-04,155468,166873,173689,166592,58899,54591,-11405,7097,4308
2017-04-11,173594,192550,179203,163127,59086,56206,-18956,16076,2880
2017-04-18,185786,207435,179950,159602,56301,55000,-21649,20348,1301
2017-04-25,157831,178726,181520,167731,61122,54016,-20895,13789,7106
2017-05-02,159418,161071,179781,178953,57290,56465,-1653,828,825
2017-05-09,155581,133182,183860,217059,65581,54781,22399,-33199,10800
2017-05-16,164234,126630,186406,236357,66697,54350,37604,-49951,12347
2017-05-23,175032,110187,190524,272094,68923,52198,64845,-81570,16725
2017-05-30,176226,103357,185792,279432,74041,53270,72869,-93640,20771
2017-06-06,164889,90880,188042,279047,70923,53927,74009,-91005,16996
2017-06-13,164227,85174,211353,301281,74330,63455,79053,-89928,10875
2017-06-20,167245,122393,132839,192994,66171,50868,44852,-60155,15303
2017-06-27,179671,120976,136134,211639,70335,53525,58695,-75505,16810
2017-07-03,185925,108461,144260,244301,76636,54059,77464,-100041,22577
2017-07-11,190267,106479,150147,258152,79831,55614,83788,-108005,24217
2017-07-18,199540,108219,150114,268566,81045,53914,91321,-118452,27131
2017-07-25,197656,106814,155560,271095,79665,54972,90842,-115535,24693
2017-08-01,191477,108840,164304,272865,80303,54379,82637,-108561,25924
2017-08-08,201231,107546,157833,279623,79479,51374,93685,-121790,28105
2017-08-15,190336,111069,174177,278546,75873,50771,79267,-104369,25102
2017-08-22,197818,109842,169989,284515,77535,50985,87976,-114526,26550
2017-08-29,194331,107812,173410,287170,82463,55222,86519,-113760,27241
2017-09-05,194976,98667,171223,291891,79011,54652,96309,-120668,24359
2017-09-12,191102,105044,175600,291785,88738,58611,86058,-116185,30127
2017-09-19,190025,127272,149288,236626,76776,52191,62753,-87338,24585
2017-09-26,183679,95512,152592,261208,75618,55169,88167,-108616,20449
2017-10-03,187053,96220,157203,266511,73764,55289,90833,-109308,18475
2017-10-10,195816,97737,158660,275104,72734,54369,98079,-116444,18365
2017-10-17,186751,96299,165127,276217,73394,52756,90452,-111090,20638
2017-10-24,183539,100035,165585,271183,73900,51806,83504,-105598,22094
2017-10-31,173670,101573,174510,257642,70420,59385,72097,-83132,11035
2017-11-07,181335,95880,173294,272122,70810,57437,85455,-98828,13373
2017-11-14,200023,115437,173624,275809,73315,55716,84586,-102185,17599
2017-11-21,195909,100472,175054,292129,73280,51642,95437,-117075,21638
2017-11-28,205160,115479,189056,310897,79742,47582,89681,-121841,32160
2017-12-05,205400,112294,190380,314914,79820,48392,93106,-124534,31428
2017-12-12,206027,92138,185209,320739,80362,58721,113889,-135530,21641
2017-12-19,198398,112174,190521,310282,78834,45297,86224,-119761,33537
2017-12-26,208913,116765,186931,318343,84606,45342,92148,-131412,39264
2018-01-02,236808,108940,199313,365245,88262,50198,127868,-165932,38064
2018-01-09,242053,97362,217213,400874,86571,47601,144691,-183661,38970
2018-01-16,254344,114854,231291,413138,95230,52873,139490,-181847,42357
2018-01-23,262175,117458,236300,429090,95485,47412,144717,-192790,48073
2018-01-30,258022,109280,239494,430681,89440,46995,148742,-191187,42445
2018-02-06,251369,110546,245381,424817,86727,48114,140823,-179436,38613
2018-02-13,230785,103496,235656,411639,84269,35575,127289,-175983,48694
2018-02-20,229273,103147,237072,405640,87958,45516,126126,-168568,42442
2018-02-27,238287,100310,227585,404040,88189,49711,137977,-176455,38478
2018-03-06,227354,94382,230012,403842,87782,46924,132972,-173830,40858
2018-03-13,239453,93073,220729,398792,99647,67964,146380,-178063,31683
2018-03-20,219434,86695,183424,351964,82667,46866,132739,-168540,35801
2018-03-27,234656,93592,187625,361061,82410,50038,141064,-173436,32372
2018-04-03,221327,86946,185288,346555,76210,49324,134381,-161267,26886
2018-04-10,236344,88881,182400,363023,78975,45815,147463,-180623,33160
2018-04-17,238829,87353,181413,362866,79578,49601,151476,-181453,29977
2018-04-24,216944,86350,187816,344556,77520,51374,130594,-156740,26146
2018-05-01,221011,100443,201842,343942,73251,51719,120568,-142100,21532
2018-05-08,226601,106096,201532,342701,75335,54671,120505,-141169,20664
2018-05-15,219317,104203,201322,330265,72154,58325,115114,-128943,13829
2018-05-22,225960,116216,209287,333009,71558,57580,109744,-123722,13978
2018-05-29,230927,137890,227944,338977,79952,61956,93037,-111033,17996
2018-06-05,239904,150668,248379,342981,69447,64081,89236,-94602,5366
2018-06-12,236617,148392,269450,366976,73977,64676,88225,-97526,9301
2018-06-19,190684,154566,208997,251900,65900,59115,36118,-42903,6785
2018-06-26,190147,156243,212675,254515,66701,58765,33904,-41840,7936
2018-07-03,189005,152258,215126,263065,70922,59730,36747,-47939,11192
2018-07-10,179401,155044,217394,247174,67882,62459,24357,-29780,5423
2018-07-17,177390,155983,233378,262774,67999,60010,21407,-29396,7989
2018-07-24,179515,149875,232134,277207,75056,59623,29640,-45073,15433
2018-07-31,174549,151724,231982,278576,83590,59821,22825,-46594,23769
2018-08-07,177923,167358,238559,264653,81150,65621,10565,-26094,15529
2018-08-14,188428,190217,246723,257030,81225,69129,-1789,-10307,12096
2018-08-21,188907,193748,254692,258443,77832,69240,-4841,-3751,8592
2018-08-28,171359,178578,255809,269383,84800,64007,-7219,-13574,20793
2018-09-04,173335,165372,254016,283775,86522,64726,7963,-29759,21796
2018-09-11,164639,153469,277060,310471,89698,67457,11170,-33411,22241
2018-09-18,166468,164802,205804,228792,81110,59788,1666,-22988,21322
2018-09-25,172426,168730,203763,240493,87341,54307,3696,-36730,33034
2018-10-02,164738,171839,224680,234180,77764,61163,-7101,-9500,16601
2018-10-09,162315,178457,228799,234237,82096,60516,-16142,-5438,21580
2018-10-16,140817,170161,239573,227660,78295,60864,-29344,11913,17431
2018-10-23,149585,179889,251035,239190,79561,61102,-30304,11845,18459
2018-10-30,157691,190353,253543,238938,83536,65479,-32662,14605,18057
2018-11-06,148973,195816,261621,240069,88908,63617,-46843,21552,25291
2018-11-13,161860,198879,268439,244051,79468,66837,-37019,24388,12631
2018-11-20,157633,204862,275695,252104,86638,63000,-47229,23591,23638
2018-11-27,149719,204790,281759,256916,91934,61706,-55071,24843,30228
2018-12-04,144859,205635,289664,257730,92256,63414,-60776,31934,28842
2018-12-11,146082,202369,341484,312735,110305,82767,-56287,28749,27538
2018-12-18,147654,200778,262111,233982,82376,57381,-53124,28129,24995
2018-12-24,139059,197514,267531,243588,89872,55360,-58455,23943,34512
2018-12-31,148288,194936,262426,244448,81845,53175,-46648,17978,28670
2019-01-08,146271,186804,269050,261525,86833,53825,-40533,7525,33008
2019-01-15,152534,185195,274438,273918,86060,53919,-32661,520,32141
2019-01-22,148652,189658,276892,270757,90215,55344,-41006,6135,34871
2019-01-29,146625,193099,278577,263384,89495,58214,-46474,15193,31281
2019-02-05,145480,197444,280451,261152,89141,56476,-51964,19299,32665
2019-02-12,157170,221070,283224,245708,89910,63526,-63900,37516,26384
2019-02-19,145762,220696,289392,244078,92027,62407,-74934,45314,29620
2019-02-26,143847,216302,282780,238939,90687,62073,-72455,43841,28614
2019-03-05,155922,234088,284662,230006,92569,69059,-78166,54656,23510
2019-03-12,151857,227602,276601,219607,90086,71335,-75745,56994,18751
2019-03-19,141700,219404,251905,191673,76424,58952,-77704,60232,17472
2019-03-26,139696,219974,252484,191685,84813,65334,-80278,60799,19479
2019-04-02,144973,244157,258809,183599,84436,60462,-99184,75210,23974
2019-04-09,140401,242599,258102,180785,85770,60889,-102198,77317,24881
2019-04-16,144867,242890,260967,186481,83450,59913,-98023,74486,23537
2019-04-23,148331,253749,265335,179383,83938,64472,-105418,85952,19466
2019-04-30,153821,259365,266740,184120,86293,63369,-105544,82620,22924
2019-05-07,152633,258738,269233,184489,84379,63018,-106105,84744,21361
2019-05-14,150681,245982,262186,186402,81979,62462,-95301,75784,19517
2019-05-21,149873,250975,272597,194394,84105,61206,-101102,78203,22899
2019-05-28,151129,250820,283460,211782,86718,58705,-99691,71678,28013
2019-06-04,155771,243322,266118,205562,84927,57932,-87551,60556,26995
2019-06-11,149661,236453,289197,227051,89138,64492,-86792,62146,24646
2019-06-18,162795,215125,250067,222928,82081,56890,-52330,27139,25191
2019-06-25,159285,215580,262025,238416,87434,54748,-56295,23609,32686
2019-07-02,157122,188855,268544,261228,84402,59985,-31733,7316,24417
2019-07-09,158398,194263,266303,260339,85354,55453,-35865,5964,29901
2019-07-16,170487,201838,269227,265074,86039,58841,-31351,4153,27198
2019-07-23,173483,212487,269699,254802,88110,64003,-39004,14897,24107
2019-07-30,175132,229115,289310,258340,87184,64171,-53983,30970,23013
2019-08-06,177988,221998,272245,248980,82691,61946,-44010,23265,20745
2019-08-13,167214,213863,286585,259479,82842,63299,-46649,27106,19543
2019-08-20,168455,206432,278685,262478,83078,61308,-37977,16207,21770
2019-08-27,173451,212255,255401,239344,83434,60687,-38804,16057,22747
2019-09-03,186144,235280,263544,236079,83390,61719,-49136,27465,21671
2019-09-10,180535,230377,303836,270876,79880,62998,-49842,32960,16882
2019-09-17,164272,232831,252628,207122,76678,53625,-68559,45506,23053
2019-09-24,160687,221409,250286,211326,79641,57879,-60722,38960,21762
2019-10-01,172258,238236,247476,206802,82019,56715,-65978,40674,25304
2019-10-08,162777,238190,260777,206186,79487,58665,-75413,54591,20822
2019-10-15,153261,230127,264794,214307,82037,55658,-76866,50487,26379
2019-10-22,168653,219703,264350,242340,82559,53519,-51050,22010,29040
2019-10-29,166540,219895,277771,251937,82940,55419,-53355,25834,27521
2019-11-05,164183,224929,297733,265666,84450,55771,-60746,32067,28679
2019-11-12,170250,227919,300579,273909,87906,56907,-57669,26670,30999
2019-11-19,163898,226401,310291,278082,87480,57186,-62503,32209,30294
2019-11-26,169916,231332,308994,277623,88634,58589,-61416,31371,30045
2019-12-03,164392,233441,321158,285706,88568,54971,-69049,35452,33597
2019-12-10,164732,232375,363680,325511,95841,66367,-67643,38169,29474
2019-12-17,165355,231049,288313,244275,77770,56114,-65694,44038,21656
2019-12-24,160263,233206,282401,241064,84600,52994,-72943,41337,31606
2019-12-31,168852,243197,285490,245540,89720,55325,-74345,39950,34395
2020-01-07,164813,226477,288408,263100,89917,53561,-61664,25308,36356
2020-01-14,163881,212063,297419,288854,91855,52238,-48182,8565,39617
2020-01-21,168216,215235,302385,295283,93620,53703,-47019,7102,39917
2020-01-28,180653,239515,311346,291195,93546,54835,-58862,20151,38711
2020-02-04,166925,242005,321548,283559,93262,56171,-75080,37989,37091
2020-02-11,169475,255144,338132,281706,90585,61342,-85669,56426,29243
2020-02-18,170586,262093,340245,282010,93068,59796,-91507,58235,33272
2020-02-25,157587,271608,355329,270784,90418,60942,-114021,84545,29476
2020-03-03,151904,238607,385539,329833,83992,52995,-86703,55706,30997
2020-03-10,153820,166487,397574,424702,90090,50295,-12667,-27128,39795
2020-03-17,147133,114638,352847,419664,77524,43202,32495,-66817,34322
2020-03-24,152360,91070,326218,414867,81499,54140,61290,-88649,27359
2020-03-31,155047,80800,315522,415776,70978,44971,74247,-100254,26007
2020-04-07,161185,81561,304521,422120,81902,43927,79624,-117599,37975
2020-04-14,165078,78461,296805,417530,75880,41772,86617,-120725,34108
2020-04-21,170378,83160,297719,413092,72603,44448,87218,-115373,28155
2020-04-28,167264,87583,291497,399179,74725,46724,79681,-107682,28001
2020-05-05,169272,92973,290624,393234,75086,48775,76299,-102610,26311
2020-05-12,171980,93840,294370,400827,74491,46174,78140,-106457,28317
2020-05-19,167756,95194,295367,397961,77263,47231,72562,-102594,30032
2020-05-26,175034,99812,298419,404675,76117,45083,75222,-106256,31034
2020-06-02,174412,93172,312787,429985,81354,45396,81240,-117198,35958
2020-06-09,184669,89020,316909,450627,83722,45653,95649,-133718,38069
2020-06-16,187120,69988,302800,457835,78692,40789,117132,-155035,37903
2020-06-23,190816,72368,305405,467945,83145,39053,118448,-162540,44092
2020-06-30,180387,81432,306839,453967,85897,37724,98955,-147128,48173
2020-07-07,185159,81562,311843,466973,88744,37211,103597,-155130,51533
2020-07-14,194252,83340,309455,471519,92064,40912,110912,-162064,51152
2020-07-21,204185,79138,320979,501647,95944,40323,125047,-180668,55621
2020-07-28,242127,84568,328605,546114,97798,37848,157559,-217509,59950
2020-08-04,262109,81461,332310,573668,99491,38781,180648,-241358,60710
2020-08-11,266078,66327,332842,589103,96660,40150,199751,-256261,56510
2020-08-18,259244,62301,332209,591573,102012,39591,196943,-259364,62421
2020-08-25,262061,50309,332664,600646,99158,42928,211752,-267982,56230
2020-09-01,250867,54120,340434,592019,97395,42557,196747,-251585,54838
2020-09-08,248683,51869,332939,581988,96670,44435,196814,-249049,52235
2020-09-15,230695,52119,326724,561883,94529,37946,178576,-235159,56583
2020-09-22,247049,56227,324148,563561,89172,40581,190822,-239413,48591
2020-09-29,241967,53851,319362,554998,87831,40311,188116,-235636,47520
2020-10-06,231369,57061,322277,548547,92783,40821,174308,-226270,51962
2020-10-13,228295,59658,320037,538976,92436,42134,168637,-218939,50302
2020-10-20,229878,63935,316168,535679,94019,40451,165943,-219511,53568
2020-10-27,217443,61888,320086,526904,92338,41075,155555,-206818,51263
2020-11-03,208237,67888,329671,516373,85482,39129,140349,-186702,46353
2020-11-10,202374,67087,339154,526728,92867,40580,135287,-187574,52287
2020-11-17,203551,69591,338363,522088,90141,40376,133960,-183725,49765
2020-11-24,206354,68104,342250,530912,87980,37568,138250,-188662,50412
2020-12-01,207302,67408,345848,536756,94536,43522,139894,-190908,51014
2020-12-08,222521,66092,349005,562077,99562,42919,156429,-213072,56643
2020-12-15,218710,76877,338345,537607,96217,38788,141833,-199262,57429
2020-12-21,222443,78541,339342,538743,92586,37087,143902,-199401,55499
2020-12-29,222848,79772,348773,550545,95579,36883,143076,-201772,58696
2021-01-05,224832,81841,349449,550714,94847,36573,142991,-201265,58274
2021-01-12,228757,72867,345185,560987,98320,38408,155890,-215802,59912
2021-01-19,236533,73067,337268,559646,98008,39096,163466,-222378,58912
2021-01-26,238099,72755,339228,559856,95217,39933,165344,-220628,55284
2021-02-02,216887,79884,354432,543240,95238,43433,137003,-188808,51805
2021-02-09,220943,80721,349377,541364,94929,43164,140222,-191987,51765
2021-02-16,222895,82889,352756,546512,92886,39136,140006,-193756,53750
2021-02-23,228501,90136,366500,560917,95278,39226,138365,-194417,56052
2021-03-02,222655,96667,374362,550290,90871,40931,125988,-175928,49940
2021-03-09,207588,105624,402394,559836,96525,41047,101964,-157442,55478
2021-03-16,195857,105881,349395,484374,87260,42257,89976,-134979,45003
2021-03-23,195500,102178,350520,488553,88274,43563,93322,-138033,44711
2021-03-30,194763,121024,351292,472620,91621,44032,73739,-121328,47589
2021-04-06,192230,124708,354401,464142,89693,47474,67522,-109741,42219
2021-04-13,190640,123789,361380,471014,88707,45924,66851,-109634,42783
2021-04-20,197137,116329,365754,494986,91482,43058,80808,-129232,48424
2021-04-27,200415,119448,368662,504495,95959,41093,80967,-135833,54866
2021-05-04,206472,121643,364947,507105,96919,39590,84829,-142158,57329
2021-05-11,223387,129480,357792,522697,106123,35125,93907,-164905,70998
2021-05-18,232330,132472,378241,551145,109261,36215,99858,-172904,73046
2021-05-25,236103,132103,381869,561735,111477,35611,104000,-179866,75866
2021-06-01,237360,128038,384998,568512,112057,37865,109322,-183514,74192
2021-06-08,232103,124890,382766,565245,113822,38556,107213,-182479,75266
2021-06-15,210816,92630,381409,563500,99890,35985,118186,-182091,63905
2021-06-22,207863,118806,383894,528473,96568,41046,89057,-144579,55522
2021-06-29,209058,121912,387635,524237,94487,45031,87146,-136602,49456
2021-07-06,212998,135808,386189,510347,94301,47333,77190,-124158,46968
2021-07-13,212851,153138,378329,479700,91837,50179,59713,-101371,41658
2021-07-20,208669,162847,379176,461577,89034,52455,45822,-82401,36579
2021-07-27,202245,164119,373953,453802,92486,50763,38126,-79849,41723
2021-08-03,199067,161060,374123,453158,92730,51702,38007,-79035,41028
2021-08-10,212809,178952,388866,458925,92351,56149,33857,-70059,36202
2021-08-17,233529,175889,383684,456767,70047,54604,57640,-73083,15443
2021-08-24,194169,169539,403032,460425,91371,58608,24630,-57393,32763
2021-08-31,190593,180117,404630,456842,95205,53469,10476,-52212,41736
2021-09-07,189904,163596,397755,471071,98252,51244,26308,-73316,47008
2021-09-14,186554,158749,368593,434853,90270,51815,27805,-66260,38455
2021-09-21,189406,177311,381122,425371,85507,53353,12095,-44249,32154
2021-09-28,195043,194171,378476,408900,87150,57598,872,-30424,29552
2021-10-05,196819,219153,396534,405021,90564,59743,-22334,-8487,30821
2021-10-12,202512,220910,396224,405177,88733,61382,-18398,-8953,27351
2021-10-19,193320,205427,389682,407255,87763,58083,-12107,-17573,29680
2021-10-26,196880,208136,387905,404160,86683,59172,-11256,-16255,27511
2021-11-02,191496,197634,392882,415610,84160,55294,-6138,-22728,28866
2021-11-09,192544,188771,389822,421863,83827,55559,3773,-32041,28268
2021-11-16,198181,202007,404266,431251,90261,59450,-3826,-26985,30811
2021-11-23,204214,220666,403595,420430,90690,57403,-16452,-16835,33287
2021-11-30,191048,214288,407774,418645,92665,58554,-23240,-10871,34111
2021-12-07,194869,203168,418656,438831,86435,57961,-8299,-20175,28474
2021-12-14,189530,201409,378079,394668,80169,51701,-11879,-16589,28468
2021-12-21,196595,206757,381670,397296,79101,53313,-10162,-15626,25788
2021-12-28,198617,205251,384857,403390,76739,51572,-6634,-18533,25167
2022-01-04,199073,200627,388742,415200,81029,53017,-1554,-26458,28012
2022-01-11,204361,198356,389191,422581,79993,52608,6005,-33390,27385
2022-01-18,211901,187317,389617,440081,79656,53776,24584,-50464,25880
2022-01-25,213408,181848,379154,435412,79273,54575,31560,-56258,24698
2022-02-01,213563,183847,376805,434272,83675,55924,29716,-57467,27751
2022-02-08,218973,180131,382426,455678,87725,53315,38842,-73252,34410
2022-02-15,217899,170318,383827,468884,89120,51644,47581,-85057,37476
2022-02-22,214195,154889,379583,477633,89334,50590,59306,-98050,38744
2022-03-01,228385,163446,390260,485365,84321,54155,64939,-95105,30166
2022-03-08,242683,183839,386654,470527,85727,60698,58844,-83873,25029
2022-03-15,202040,183246,369253,411882,75191,51356,18794,-42629,23835
2022-03-22,207051,183208,357492,403870,75970,53435,23843,-46378,22535
2022-03-29,200043,178669,364163,411511,80321,54347,21374,-47348,25974
2022-04-05,210914,183544,357140,406757,77946,55699,27370,-49617,22247
2022-04-12,221645,182585,359853,420603,79165,57475,39060,-60750,21690
2022-04-19,221003,189702,362930,412656,76939,58514,31301,-49726,18425
2022-04-26,222993,200792,368280,414387,82069,58163,22201,-46107,23906
2022-05-03,208449,214827,383222,407808,88267,57303,-6378,-24586,30964
2022-05-10,228230,211701,376043,419069,84921,58424,16529,-43026,26497
2022-05-17,230770,210431,372113,423630,85455,54277,20339,-51517,31178
2022-05-24,237072,198142,366345,438945,87892,54222,38930,-72600,33670
2022-05-31,236553,184281,365434,450620,87138,54224,52272,-85186,32914
2022-06-07,230248,179705,365628,453817,90978,53332,50543,-88189,37646
2022-06-14,206986,213004,361159,389654,84823,50310,-6018,-28495,34513
2022-06-21,195554,211159,373695,391877,85208,51421,-15605,-18182,33787
2022-06-28,189414,200010,380084,399896,83853,53445,-10596,-19812,30408
2022-07-05,197138,213990,377654,386290,82525,57037,-16852,-8636,25488
2022-07-12,197240,222484,385039,379279,83394,63910,-25244,5760,19484
2022-07-19,195875,238620,397991,380561,82676,57361,-42745,17430,25315
2022-07-26,198041,239625,393062,374406,83007,60079,-41584,18656,22928
2022-08-02,191692,230503,391841,376321,82466,59175,-38811,15520,23291
2022-08-09,200088,234624,394543,380141,78944,58810,-34536,14402,20134
2022-08-16,199226,242010,400458,379542,79589,57721,-42784,20916,21868
2022-08-23,210825,254934,406701,382394,82403,62601,-44109,24307,19802
2022-08-30,202258,249934,411684,382824,80871,62055,-47676,28860,18816
2022-09-06,205277,241626,409460,389850,83493,66754,-36349,19610,16739
2022-09-13,207778,219615,410364,421787,88806,65546,-11837,-11423,23260
2022-09-20,206564,173115,354891,407201,75546,56685,33449,-52310,18861
2022-09-27,208736,174939,348374,406814,78547,53904,33797,-58440,24643
2022-10-04,199391,155709,348817,405665,74175,61009,43682,-56848,13166
2022-10-11,196136,158637,349091,409252,76656,53994,37499,-60161,22662
2022-10-18,202703,154553,347078,417655,76183,53756,48150,-70577,22427
2022-10-25,226734,151825,346949,440781,75890,56967,74909,-93832,18923
2022-11-01,239770,133980,339364,468183,77062,54033,105790,-128819,23029
2022-11-08,232317,124718,339218,470981,78139,53975,107599,-131763,24164
2022-11-15,239369,126703,343388,494961,86147,47240,112666,-151573,38907
2022-11-22,239598,116486,345848,503792,82746,47914,123112,-157944,34832
2022-11-29,241122,118875,356905,511490,81867,49529,122247,-154585,32338
2022-12-06,245063,120180,363169,523174,85050,49928,124883,-160005,35122
2022-12-13,236415,111700,414090,571467,94033,61371,124715,-157377,32662
2022-12-20,249149,106877,379011,565025,84867,41125,142272,-186014,43742
2022-12-27,251887,105725,379076,565896,83826,43168,146162,-186820,40658
2023-01-03,222543,92628,389861,563942,85209,41043,129915,-174081,44166
2023-01-10,238623,103641,400775,582985,91275,44047,134982,-182210,47228
2023-01-17,228279,101295,416510,595584,94476,42386,126984,-179074,52090
2023-01-24,237743,103394,429253,615703,96793,44692,134349,-186450,52101
2023-01-31,246755,96246,440756,644345,95671,42591,150509,-203589,53080
2023-02-07,238338,73300,438393,650139,90502,43794,165038,-211746,46708
2023-02-14,236574,72668,444388,656178,93575,45691,163906,-211790,47884
2023-02-21,236414,71346,444658,658476,91704,42954,165068,-213818,48750
2023-02-28,240766,78567,451634,663537,93162,43458,162199,-211903,49704
2023-03-07,233880,85432,458256,660884,97168,42988,148448,-202628,54180
2023-03-14,222313,82357,418829,605698,87967,41054,139956,-186869,46913
2023-03-21,215825,70983,417802,608973,87688,41359,144842,-191171,46329
2023-03-28,222918,77893,410545,601793,85724,39501,145025,-191248,46223
2023-04-04,225416,82023,415104,609891,91568,40174,143393,-194787,51394
2023-04-11,244180,80842,411456,623521,89357,40630,163338,-212065,48727
2023-04-18,242369,78008,417586,630871,90436,41512,164361,-213285,48924
2023-04-25,243516,74116,418842,643279,94777,39740,169400,-224437,55037
2023-05-02,246832,73343,418940,640643,93686,45472,173489,-221703,48214
2023-05-09,260335,80913,418410,652670,96515,41677,179422,-234260,54838
2023-05-16,258736,71647,416383,654716,93212,41968,187089,-238333,51244
2023-05-23,250070,76334,418071,642266,92077,41618,173736,-224195,50459
2023-05-30,241817,76092,415872,629887,93836,45546,165725,-214015,48290
2023-06-06,236060,77639,419532,623448,95766,50271,158421,-203916,45495
2023-06-13,226138,74316,456529,653600,104516,59267,151822,-197071,45249
2023-06-20,229399,84750,398646,591369,92826,44752,144649,-192723,48074
2023-06-27,223977,78949,403130,596390,93625,45393,145028,-193260,48232
2023-07-03,221272,78435,401256,590715,90921,44299,142837,-189459,46622
2023-07-11,224351,84189,403460,595922,95768,43468,140162,-192462,52300
2023-07-18,264514,85682,406328,635671,97050,46539,178832,-229343,50511
2023-07-25,250647,73417,402626,636895,97545,40506,177230,-234269,57039
2023-08-01,240074,68012,404493,626064,93893,44384,172062,-221571,49509
2023-08-08,228048,78237,425875,621325,92240,46601,149811,-195450,45639
2023-08-15,232466,72603,420942,626226,90895,45474,159863,-205284,45421
2023-08-22,239391,80631,410413,610812,87925,46286,158760,-200399,41639
2023-08-29,230542,83863,411996,600147,88079,46607,146679,-188151,41472
2023-09-05,235732,99501,406485,582339,90003,50380,136231,-175854,39623
2023-09-12,212376,99296,412967,562948,92784,55883,113080,-149981,36901
2023-09-19,207424,105443,388465,517207,82112,55351,101981,-128742,26761
2023-09-26,211516,113117,387030,511437,82167,56159,98399,-124407,26008
2023-10-03,211783,132840,388473,493225,82432,56623,78943,-104752,25809
2023-10-10,207522,131990,383243,481536,82391,59630,75532,-98293,22761
2023-10-17,214313,131903,391704,493327,77878,58665,82410,-101623,19213
2023-10-24,215569,130316,396435,504431,80233,57490,85253,-107996,22743
2023-10-31,210834,125445,393348,502379,79333,55691,85389,-109031,23642
2023-11-07,212483,123427,390336,507851,82294,53835,89056,-117515,28459
2023-11-14,221190,112283,381765,522752,83714,51634,108907,-140987,32080
2023-11-21,231095,101441,380815,546633,83490,47326,129654,-165818,36164
2023-11-28,233454,90289,388784,565099,82613,49463,143165,-176315,33150
2023-12-05,235684,83324,404550,593479,85929,49360,152360,-188929,36569
2023-12-12,231837,84510,433209,615566,100250,65220,147327,-182357,35030
2023-12-19,208078,93486,399732,545354,81352,50322,114592,-145622,31030
2023-12-26,211195,93804,400897,552083,82271,48476,117391,-151186,33795
2024-01-02,211912,92436,411907,569293,83455,45545,119476,-157386,37910
2024-01-09,208473,89596,409738,566625,82429,44419,118877,-156887,38010
2024-01-16,204294,100202,433577,570090,81115,48694,104092,-136513,32421
2024-01-23,195190,106866,434578,551975,80371,51298,88324,-117397,29073
2024-01-30,200360,111589,432311,548317,78589,51354,88771,-116006,27235
2024-02-06,202450,140297,434993,521879,77651,52918,62153,-86886,24733
2024-02-13,210848,158010,437266,509530,76997,57571,52838,-72264,19426
2024-02-20,213194,145178,416183,505634,77957,56522,68016,-89451,21435
2024-02-27,205234,142380,411117,501018,80334,53287,62854,-89901,27047
2024-03-05,200025,133714,404771,501537,81532,51077,66311,-96766,30455
2024-03-12,193998,119591,402081,506685,84306,54109,74407,-104604,30197
2024-03-19,182382,134040,388839,462969,75816,50028,48342,-74130,25788
2024-03-26,180193,148999,389331,443503,76447,53469,31194,-54172,22978
2024-04-02,188258,171464,412480,445912,73567,56929,16794,-33432,16638
2024-04-09,175419,142696,383114,435146,75049,55740,32723,-52032,19309
2024-04-16,178912,166688,395979,424633,73794,57364,12224,-28654,16430
2024-04-23,167296,177285,413769,419034,72410,57156,-9989,-5265,15254
2024-04-30,167185,173962,399163,409900,73035,55521,-6777,-10737,17514
2024-05-07,170594,166004,393845,416124,75156,57467,4590,-22279,17689
2024-05-14,178398,161243,387812,426094,76472,55345,17155,-38282,21127
2024-05-21,182574,141099,378118,447571,78304,50326,41475,-69453,27978
2024-05-28,184656,127084,380224,464876,79849,52769,57572,-84652,27080
2024-06-04,188957,121087,383423,482209,79709,48793,67870,-98786,30916
2024-06-11,187697,144053,409006,481351,93970,65269,43644,-72345,28701
2024-06-18,171464,163513,386112,413976,71985,52072,7951,-27864,19913
2024-06-25,167370,175801,390837,400604,71392,53194,-8431,-9767,18198
2024-07-02,164369,173888,376888,389609,73248,51008,-9519,-12721,22240
2024-07-09,165829,162206,375248,402487,75272,51656,3623,-27239,23616
2024-07-16,179937,155188,375217,424766,74281,49481,24749,-49549,24800
2024-07-23,188929,153023,387742,447615,72740,48773,35906,-59873,23967
2024-07-30,183006,165207,386079,426892,72802,49788,17799,-40813,23014
2024-08-06,185799,152219,386568,444428,74618,50338,33580,-57860,24280
2024-08-13,182212,155229,382394,436421,77589,50545,26983,-54027,27044
2024-08-20,194350,138333,386948,476172,82517,49310,56017,-89224,33207
2024-08-27,218381,125543,388226,523748,88749,46065,92838,-135522,42684
2024-09-03,215969,115951,402899,544447,85362,43832,100018,-141548,41530
2024-09-10,192821,111388,411082,534889,92555,50181,81433,-123807,42374
2024-09-17,182281,112635,386396,500798,86454,41698,69646,-114402,44756
2024-09-24,187795,116097,379577,492405,87312,46182,71698,-112828,41130
2024-10-01,178273,122946,381281,474983,87650,49275,55327,-93702,38375
2024-10-08,173866,134768,384954,459849,84183,48386,39098,-74895,35797
2024-10-15,169319,152169,382899,431874,82051,50226,17150,-48975,31825
2024-10-22,153159,181683,391222,391230,80010,51478,-28524,-8,28532
2024-10-29,159313,209617,401671,370223,73780,54924,-50304,31448,18856
2024-11-05,159900,181553,381704,381087,75889,54853,-21653,617,21036
2024-11-12,160003,167440,366805,385079,78432,52721,-7437,-18274,25711
2024-11-19,154305,196862,399002,377955,76465,54955,-42557,21047,21510
2024-11-26,156334,212343,401183,368756,78896,55314,-56009,32427,23582
2024-12-03,167693,225182,401120,366644,77569,54556,-57489,34476,23013
2024-12-10,157375,232948,452311,397595,84363,63506,-75573,54716,20857
2024-12-17,152671,218566,340837,292748,72006,54200,-65895,48089,17806
2024-12-24,159471,227978,346341,291227,70773,57380,-68507,55114,13393
2024-12-31,168806,238370,344668,293607,73479,54976,-69564,51061,18503
2025-01-07,166503,230627,335373,290369,76649,57529,-64124,45004,19120
2025-01-14,162760,223157,341025,292688,72682,60622,-60397,48337,12060
2025-01-21,167665,230151,338719,294424,75560,57369,-62486,44295,18191
2025-01-28,153660,220264,354830,313235,75982,50973,-66604,41595,25009
2025-02-04,162554,221168,348354,311883,74337,52194,-58614,36471,22143
2025-02-11,165594,230019,352514,312540,76243,51792,-64425,39974,24451
2025-02-18,170320,221740,361239,335044,75697,50472,-51420,26195,25225
2025-02-25,182699,208124,362477,363117,78634,52569,-25425,-640,26065
2025-03-04,185223,195329,376930,396189,83321,53956,-10106,-19259,29365
2025-03-11,188647,175557,394505,442352,100166,65409,13090,-47847,34757
2025-03-18,188952,129527,359417,451777,82523,49588,59425,-92360,32935
2025-03-25,189796,124271,375753,476069,81743,46952,65525,-100316,34791
2025-04-01,183247,131412,379419,462291,80132,49095,51835,-82872,31037
2025-04-08,190296,130316,401858,492274,80668,50232,59980,-90416,30436
2025-04-15,197103,127823,394996,512911,92871,44236,69280,-117915,48635
2025-04-22,196205,131177,401257,519198,96353,43440,65028,-117941,52913
2025-04-29,196388,120591,401746,533257,97376,41662,75797,-131511,55714
2025-05-06,194192,118473,405535,536874,97040,41420,75719,-131339,55620
2025-05-13,209549,124775,406660,540942,94529,45021,84774,-134282,49508
2025-05-20,206042,131589,423456,550286,94072,41695,74453,-126830,52377
2025-05-27,204326,124852,427966,559867,95278,42851,79474,-131901,52427
2025-06-03,202786,120022,437677,575962,100625,45104,82764,-138285,55521
2025-06-10,208754,115729,449157,600413,102489,44258,93025,-151256,58231
2025-06-17,220811,119258,414729,575750,97815,38347,101553,-161021,59468
2025-06-24,223791,112656,417363,581664,94870,41704,111135,-164301,53166
2025-07-01,224979,117442,430913,591577,95960,42833,107537,-160664,53127
2025-07-08,241125,120529,439953,617376,99367,42540,120596,-177423,56827
2025-07-15,242096,113875,451525,635740,97608,41614,128221,-184215,55994
2025-07-22,248380,122865,469100,646813,96216,44018,125515,-177713,52198
2025-07-29,248841,125482,452550,628328,97921,45502,123359,-175778,52419
2025-08-05,247357,131398,453569,617114,92215,44629,115959,-163545,47586
2025-08-12,246299,130868,458037,625100,96093,44461,115431,-167063,51632
2025-08-19,252719,133974,452297,618728,94142,46456,118745,-166431,47686
2025-08-26,258386,135347,461163,634369,95096,44929,123039,-173206,50167
2025-09-02,255660,136068,455696,626965,95363,43686,119592,-171269,51677
2025-09-09,258049,132372,468861,648508,100417,46447,125677,-179647,53970
2025-09-16,253261,135502,490481,657861,94620,44999,117759,-167380,49621
2025-09-23,252472,138127,495459,661236,95071,43639,114345,-165777,51432
2025-09-30,252530,135161,484109,651245,94269,44502,117369,-167136,49767
2025-10-07,255907,137542,488102,655936,95237,45768,118365,-167834,49469
2025-10-14,243010,134685,484101,633231,92184,51379,108325,-149130,40805
2025-10-21,244507,132755,479961,636194,91768,47287,111752,-156233,44481
2025-10-28,250400,143067,482554,634150,92177,47914,107333,-151596,44263
2025-11-04,252542,160747,476902,603514,87292,52475,91795,-126612,34817
2025-11-10,235920,162331,482858,594231,89372,51588,73589,-111373,37784
2025-11-18,243961,144954,473016,613166,89746,48603,99007,-140150,41143
2025-11-25,244392,150321,474204,611180,90477,47572,94071,-136976,42905
2025-12-02,249672,141219,482328,638080,92343,45044,108453,-155752,47299
2025-12-09,268118,129330,536662,726259,98659,47850,138788,-189597,50809
2025-12-16,277002,132099,451583,647640,240921,189767,144903,-196057,51154
2025-12-23,293179,133288,463484,672962,92243,42656,159891,-209478,49587
2025-12-30,294738,137273,464299,675925,92672,38511,157465,-211626,54161
2026-01-06,298253,135441,469661,685480,93907,40900,162812,-215819,53007
2026-01-13,283592,150936,487595,667362,91580,44469,132656,-179767,47111
2026-01-20,275235,163540,488166,643762,92941,49040,111695,-155596,43901
2026-01-27,290336,158202,499732,681336,94116,44646,132134,-181604,49470
2026-02-03,302301,138940,483911,702452,93181,38001,163361,-218541,55180
2026-02-10,318704,138399,484603,720382,94375,38901,180305,-235779,55474
2026-02-17,311549,137069,487219,714896,96673,43476,174480,-227677,53197
2026-02-24,294873,138017,498044,708947,93336,39289,156856,-210903,54047
2026-03-03,294586,158088,485713,670306,91926,43831,136498,-184593,48095
2026-03-10,265686,160542,550287,695706,94223,53948,105144,-145419,40275
