date,avg_sentiment,n_articles,n_bullish,n_bearish,n_neutral,max_bearish,max_bullish
2024-11-01,-0.07,47.0,12.0,18.0,17.0,-0.8,0.7
2024-11-02,-0.2,15.0,0.0,7.0,8.0,-0.6,0.0
2024-11-03,-0.191,11.0,0.0,4.0,7.0,-0.7,0.0
2024-11-04,0.05,10.0,2.0,2.0,6.0,-0.4,0.6
2024-11-07,0.471,7.0,5.0,1.0,1.0,-0.3,0.8
2024-11-08,0.2,10.0,4.0,2.0,4.0,-0.2,0.7
2024-11-09,0.1,5.0,2.0,2.0,1.0,-0.4,0.8
2024-11-10,0.35,2.0,1.0,0.0,1.0,0.2,0.5
2024-11-11,0.19,10.0,5.0,2.0,3.0,-0.5,0.6
2024-11-12,0.206,18.0,7.0,1.0,10.0,-0.3,0.7
2024-11-13,-0.075,12.0,2.0,6.0,4.0,-0.6,0.7
2024-11-14,0.056,9.0,1.0,1.0,7.0,-0.4,0.5
2024-11-15,0.008,12.0,3.0,3.0,6.0,-0.6,0.5
2024-11-17,-0.05,2.0,0.0,1.0,1.0,-0.3,0.2
2024-11-18,-0.071,7.0,1.0,2.0,4.0,-0.5,0.5
2024-11-19,-0.022,9.0,1.0,3.0,5.0,-0.6,0.4
2024-11-20,0.212,17.0,7.0,2.0,8.0,-0.5,0.7
2024-11-21,0.061,18.0,7.0,5.0,6.0,-0.7,0.7
2024-11-23,0.22,5.0,2.0,0.0,3.0,0.0,0.5
2024-11-24,0.0,2.0,0.0,0.0,2.0,0.0,0.0
2024-11-25,-0.133,3.0,0.0,1.0,2.0,-0.6,0.1
2024-11-27,0.058,13.0,3.0,2.0,8.0,-0.5,0.75
2024-12-04,-0.008,13.0,3.0,4.0,6.0,-0.5,0.5
2024-12-05,0.047,15.0,4.0,1.0,10.0,-0.6,0.6
2024-12-07,0.0,1.0,0.0,0.0,1.0,0.0,0.0
2024-12-10,0.1,2.0,1.0,0.0,1.0,0.0,0.2
2024-12-11,-0.043,14.0,1.0,3.0,10.0,-0.5,0.5
2024-12-12,0.178,9.0,5.0,2.0,2.0,-0.6,0.7
2024-12-13,0.154,13.0,5.0,2.0,6.0,-0.6,0.7
2024-12-15,-0.071,7.0,3.0,3.0,1.0,-0.7,0.4
2024-12-16,-0.04,15.0,3.0,5.0,7.0,-0.6,0.8
2024-12-17,-0.067,6.0,2.0,3.0,1.0,-0.5,0.4
2024-12-18,-0.1,13.0,3.0,6.0,4.0,-0.7,0.6
2024-12-19,-0.08,15.0,3.0,4.0,8.0,-0.7,0.5
2024-12-20,0.086,7.0,3.0,1.0,3.0,-0.2,0.3
2024-12-22,0.05,2.0,0.0,0.0,2.0,0.0,0.1
2024-12-23,0.325,4.0,3.0,0.0,1.0,0.1,0.6
2024-12-24,0.15,2.0,1.0,1.0,0.0,-0.2,0.5
2025-01-01,-0.05,2.0,1.0,1.0,0.0,-0.3,0.2
2025-01-03,-0.05,6.0,2.0,3.0,1.0,-0.6,0.5
2025-01-04,0.05,2.0,0.0,0.0,2.0,0.0,0.1
2025-01-06,0.111,9.0,3.0,2.0,4.0,-0.4,0.6
2025-01-07,0.4,1.0,1.0,0.0,0.0,0.4,0.4
2025-01-08,-0.123,11.0,2.0,4.0,5.0,-0.7,0.4
2025-01-09,-0.067,9.0,1.0,3.0,5.0,-0.4,0.3
2025-01-10,-0.186,14.0,1.0,8.0,5.0,-0.6,0.2
2025-01-12,0.05,2.0,0.0,0.0,2.0,0.0,0.1
2025-01-13,0.062,8.0,5.0,2.0,1.0,-0.4,0.3
2025-01-14,0.084,19.0,2.0,3.0,14.0,-0.5,0.5
2025-01-15,0.117,80.0,34.0,22.0,24.0,-0.6,0.8
2025-01-16,-0.027,70.0,18.0,27.0,25.0,-0.7,0.7
2025-01-17,0.048,83.0,27.0,23.0,33.0,-0.7,0.7
2025-01-18,-0.019,36.0,5.0,8.0,23.0,-0.6,0.6
2025-01-19,0.0,2.0,0.0,0.0,2.0,0.0,0.0
2025-01-20,-0.024,89.0,16.0,27.0,46.0,-0.7,0.7
2025-01-21,0.0,3.0,0.0,0.0,3.0,0.0,0.0
2025-01-22,0.055,82.0,23.0,21.0,38.0,-0.7,0.7
2025-01-23,-0.035,83.0,14.0,26.0,43.0,-0.8,0.7
2025-01-24,0.211,9.0,2.0,0.0,7.0,0.0,0.7
2025-01-25,0.025,16.0,3.0,4.0,9.0,-0.4,0.7
2025-01-26,-0.08,5.0,0.0,1.0,4.0,-0.6,0.2
2025-01-27,-0.279,104.0,17.0,66.0,21.0,-0.9,0.7
2025-01-28,-0.145,77.0,12.0,42.0,23.0,-0.9,0.7
2025-01-29,-0.069,133.0,35.0,55.0,43.0,-0.8,0.7
2025-01-30,0.2,9.0,4.0,2.0,3.0,-0.7,0.8
2025-01-31,-0.174,99.0,22.0,47.0,30.0,-0.8,0.7
2025-02-01,-0.045,31.0,8.0,10.0,13.0,-0.8,0.7
2025-02-02,-0.224,42.0,6.0,19.0,17.0,-0.8,0.7
2025-02-03,-0.179,133.0,27.0,73.0,33.0,-0.8,0.7
2025-02-04,-0.087,96.0,20.0,39.0,37.0,-0.8,0.8
2025-02-05,-0.029,17.0,3.0,4.0,10.0,-0.7,0.5
2025-02-06,0.21,10.0,3.0,0.0,7.0,0.0,0.6
2025-02-08,0.7,1.0,1.0,0.0,0.0,0.7,0.7
2025-02-09,0.05,4.0,1.0,1.0,2.0,-0.3,0.5
2025-02-10,-0.1,6.0,1.0,3.0,2.0,-0.6,0.6
2025-02-13,-0.05,8.0,3.0,3.0,2.0,-0.6,0.4
2025-02-14,0.11,10.0,4.0,1.0,5.0,-0.7,0.7
2025-02-15,-0.4,1.0,0.0,1.0,0.0,-0.4,-0.4
2025-02-16,0.15,2.0,1.0,0.0,1.0,0.0,0.3
2025-02-18,0.133,9.0,4.0,0.0,5.0,0.0,0.4
2025-02-19,-0.05,8.0,1.0,2.0,5.0,-0.4,0.2
2025-02-20,-0.064,14.0,2.0,4.0,8.0,-0.5,0.3
2025-02-22,0.067,3.0,0.0,0.0,3.0,-0.2,0.3
2025-02-24,-0.037,8.0,1.0,2.0,5.0,-0.7,0.4
2025-02-25,0.014,14.0,3.0,3.0,8.0,-0.6,0.5
2025-02-26,-0.04,10.0,2.0,4.0,4.0,-0.7,0.4
2025-02-27,0.0,1.0,0.0,0.0,1.0,0.0,0.0
2025-02-28,-0.381,8.0,0.0,5.0,3.0,-0.75,0.0
2025-03-01,0.0,1.0,0.0,0.0,1.0,0.0,0.0
2025-03-02,-0.05,4.0,1.0,1.0,2.0,-0.6,0.4
2025-03-03,-0.103,37.0,7.0,15.0,15.0,-0.8,0.7
2025-03-04,-0.029,7.0,4.0,3.0,0.0,-0.7,0.5
2025-03-05,-0.118,17.0,4.0,7.0,6.0,-0.7,0.5
2025-03-06,-0.55,4.0,0.0,4.0,0.0,-0.7,-0.4
2025-03-07,0.162,16.0,8.0,3.0,5.0,-0.6,0.7
2025-03-10,-0.475,6.0,0.0,4.0,2.0,-0.8,0.0
2025-03-11,0.075,12.0,4.0,3.0,5.0,-0.7,0.6
2025-03-12,-0.15,9.0,2.0,4.0,3.0,-0.85,0.5
2025-03-13,0.0,1.0,0.0,0.0,1.0,0.0,0.0
2025-03-15,-0.125,4.0,1.0,2.0,1.0,-0.7,0.5
2025-03-16,-0.189,9.0,1.0,5.0,3.0,-0.6,0.6
2025-03-17,0.136,11.0,5.0,2.0,4.0,-0.6,0.6
2025-03-18,0.15,8.0,4.0,2.0,2.0,-0.6,0.7
2025-03-19,0.025,8.0,1.0,3.0,4.0,-0.4,0.6
2025-03-20,0.4,3.0,2.0,0.0,1.0,0.3,0.5
2025-03-21,-0.018,11.0,0.0,3.0,8.0,-0.6,0.3
2025-03-22,0.1,2.0,0.0,0.0,2.0,0.1,0.1
2025-03-23,0.28,5.0,2.0,0.0,3.0,0.0,0.5
2025-03-24,-0.077,13.0,3.0,4.0,6.0,-0.7,0.4
2025-03-25,0.036,11.0,3.0,3.0,5.0,-0.7,0.5
2025-03-26,-0.067,6.0,1.0,2.0,3.0,-0.6,0.3
2025-03-27,0.05,12.0,5.0,3.0,4.0,-0.6,0.6
2025-03-28,-0.5,1.0,0.0,1.0,0.0,-0.5,-0.5
2025-03-29,0.0,2.0,0.0,0.0,2.0,0.0,0.0
2025-04-01,-0.233,9.0,0.0,4.0,5.0,-0.7,0.1
2025-04-02,-0.035,17.0,5.0,5.0,7.0,-0.7,0.4
2025-04-03,-0.75,2.0,0.0,2.0,0.0,-0.85,-0.65
2025-04-04,-0.303,17.0,2.0,11.0,4.0,-0.8,0.55
2025-04-06,-0.05,5.0,2.0,2.0,1.0,-0.85,0.5
2025-04-07,-0.531,16.0,0.0,14.0,2.0,-0.8,0.0
2025-04-08,-0.363,15.0,1.0,9.0,5.0,-0.75,0.3
2025-04-09,-0.264,14.0,2.0,9.0,3.0,-0.85,0.8
2025-04-10,-0.0,10.0,2.0,2.0,6.0,-0.9,0.6
2025-04-11,-0.244,18.0,1.0,9.0,8.0,-0.7,0.3
2025-04-12,-0.12,5.0,0.0,1.0,4.0,-0.6,0.0
2025-04-14,0.093,15.0,6.0,3.0,6.0,-0.5,0.7
2025-04-19,-0.3,3.0,0.0,2.0,1.0,-0.6,0.0
2025-04-20,-0.04,5.0,0.0,1.0,4.0,-0.4,0.3
2025-04-21,-0.06,10.0,1.0,3.0,6.0,-0.7,0.6
2025-04-22,-0.1,7.0,2.0,4.0,1.0,-0.6,0.5
2025-04-23,-0.072,18.0,2.0,7.0,9.0,-0.6,0.5
2025-04-24,0.133,6.0,3.0,1.0,2.0,-0.2,0.4
2025-04-26,0.0,5.0,2.0,2.0,1.0,-0.5,0.5
2025-04-28,-0.089,9.0,2.0,3.0,4.0,-0.7,0.4
2025-04-29,0.114,14.0,8.0,2.0,4.0,-0.6,0.6
2025-04-30,-0.173,11.0,2.0,5.0,4.0,-0.7,0.5
2025-05-01,0.223,13.0,7.0,2.0,4.0,-0.5,0.7
2025-05-02,0.04,10.0,2.0,3.0,5.0,-0.6,0.5
2025-05-04,0.05,4.0,1.0,0.0,3.0,-0.3,0.4
2025-05-05,-0.133,9.0,1.0,3.0,5.0,-0.6,0.4
2025-05-06,-0.033,12.0,3.0,5.0,4.0,-0.5,0.7
2025-05-07,0.169,16.0,6.0,2.0,8.0,-0.2,0.7
2025-05-08,0.225,12.0,7.0,1.0,4.0,-0.6,0.7
2025-05-09,0.044,16.0,6.0,4.0,6.0,-0.8,0.6
2025-05-10,0.05,4.0,1.0,1.0,2.0,-0.3,0.3
2025-05-12,0.357,14.0,8.0,1.0,5.0,-0.5,0.8
2025-05-13,0.022,9.0,1.0,2.0,6.0,-0.6,0.8
2025-05-14,0.331,13.0,6.0,1.0,6.0,-0.5,0.7
2025-05-15,-0.056,9.0,0.0,2.0,7.0,-0.7,0.3
2025-05-16,0.03,10.0,2.0,2.0,6.0,-0.5,0.4
2025-05-17,0.033,3.0,1.0,1.0,1.0,-0.5,0.8
2025-05-18,0.3,1.0,0.0,0.0,1.0,0.3,0.3
2025-05-19,-0.122,9.0,2.0,4.0,3.0,-0.6,0.4
2025-05-20,0.04,10.0,2.0,2.0,6.0,-0.4,0.7
2025-05-21,0.054,13.0,3.0,3.0,7.0,-0.5,0.5
2025-05-22,0.129,7.0,3.0,1.0,3.0,-0.6,0.6
2025-05-23,-0.3,9.0,0.0,5.0,4.0,-0.7,0.0
2025-05-24,0.1,2.0,0.0,0.0,2.0,0.0,0.2
2025-05-25,0.15,2.0,0.0,0.0,2.0,0.0,0.3
2025-05-26,0.033,3.0,1.0,1.0,1.0,-0.3,0.4
2025-05-27,0.2,5.0,1.0,0.0,4.0,0.0,0.7
2025-05-29,0.108,12.0,2.0,2.0,8.0,-0.7,0.8
2025-05-30,0.144,9.0,4.0,2.0,3.0,-0.6,0.6
2025-05-31,0.06,5.0,1.0,2.0,2.0,-0.4,0.7
2025-06-01,0.0,4.0,0.0,1.0,3.0,-0.2,0.2
2025-06-02,0.033,6.0,1.0,2.0,3.0,-0.5,0.6
2025-06-03,0.038,13.0,3.0,3.0,7.0,-0.6,0.6
2025-06-04,-0.074,19.0,5.0,7.0,7.0,-0.7,0.6
2025-06-05,0.022,9.0,3.0,2.0,4.0,-0.5,0.5
2025-06-06,-0.057,14.0,2.0,4.0,8.0,-0.6,0.5
2025-06-07,0.2,2.0,1.0,0.0,1.0,0.1,0.3
2025-06-08,0.133,3.0,1.0,0.0,2.0,0.0,0.4
2025-06-09,0.08,10.0,3.0,2.0,5.0,-0.4,0.5
2025-06-10,0.058,12.0,3.0,2.0,7.0,-0.5,0.5
2025-06-11,-0.017,12.0,4.0,4.0,4.0,-0.6,0.6
2025-06-12,0.013,12.0,4.0,2.0,6.0,-0.85,0.5
2025-06-13,0.0,1.0,0.0,0.0,1.0,0.0,0.0
2025-06-14,0.3,1.0,1.0,0.0,0.0,0.3,0.3
2025-07-02,0.233,6.0,2.0,0.0,4.0,-0.15,0.6
2025-07-03,0.188,8.0,3.0,1.0,4.0,-0.3,0.65
2025-07-04,-0.088,4.0,0.0,2.0,2.0,-0.45,0.2
2025-07-05,0.3,2.0,2.0,0.0,0.0,0.25,0.35
2025-07-07,0.062,13.0,4.0,4.0,5.0,-0.7,0.7
2025-07-08,0.19,10.0,4.0,1.0,5.0,-0.6,0.8
2025-07-09,0.011,9.0,1.0,3.0,5.0,-0.5,0.6
2025-07-10,0.138,13.0,4.0,1.0,8.0,-0.6,0.5
2025-07-11,-0.146,13.0,0.0,4.0,9.0,-0.8,0.2
2025-07-12,-0.05,2.0,1.0,1.0,0.0,-0.4,0.3
2025-07-13,-0.05,4.0,0.0,1.0,3.0,-0.4,0.1
2025-07-14,0.009,11.0,4.0,3.0,4.0,-0.7,0.5
2025-07-15,0.1,16.0,6.0,4.0,6.0,-0.6,0.7
2025-07-16,-0.05,12.0,2.0,4.0,6.0,-0.6,0.4
2025-07-17,0.013,8.0,2.0,3.0,3.0,-0.5,0.5
2025-07-18,0.07,10.0,5.0,3.0,2.0,-0.6,0.6
2025-07-19,-0.275,4.0,0.0,3.0,1.0,-0.6,0.2
2025-07-20,0.083,6.0,2.0,1.0,3.0,-0.4,0.4
2025-07-21,0.025,12.0,3.0,3.0,6.0,-0.5,0.6
2025-07-22,0.007,15.0,4.0,4.0,7.0,-0.4,0.5
2025-07-26,0.175,4.0,2.0,1.0,1.0,-0.3,0.6
2025-07-28,0.056,9.0,3.0,2.0,4.0,-0.4,0.5
2025-07-30,-0.075,12.0,2.0,4.0,6.0,-0.6,0.5
2025-08-02,-0.15,2.0,0.0,1.0,1.0,-0.3,0.0
2025-08-03,-0.15,2.0,0.0,1.0,1.0,-0.4,0.1
2025-08-05,-0.021,14.0,3.0,5.0,6.0,-0.6,0.6
2025-08-08,0.127,15.0,7.0,3.0,5.0,-0.5,0.6
2025-08-09,0.225,4.0,3.0,1.0,0.0,-0.4,0.6
2025-08-11,0.0,14.0,5.0,4.0,5.0,-0.7,0.5
2025-08-12,0.171,7.0,2.0,1.0,4.0,-0.5,0.8
2025-08-14,0.154,13.0,4.0,2.0,7.0,-0.5,0.7
2025-08-15,0.079,14.0,3.0,3.0,8.0,-0.5,0.5
2025-08-17,-0.2,2.0,0.0,1.0,1.0,-0.4,0.0
2025-08-19,0.1,2.0,0.0,0.0,2.0,0.1,0.1
2025-08-22,0.188,16.0,4.0,1.0,11.0,-0.5,0.7
2025-08-24,0.16,5.0,1.0,0.0,4.0,-0.2,0.5
2025-08-25,0.0,1.0,0.0,0.0,1.0,0.0,0.0
2025-08-26,-0.08,10.0,2.0,3.0,5.0,-0.7,0.4
2025-08-29,-0.133,9.0,1.0,4.0,4.0,-0.7,0.5
2025-08-31,0.2,1.0,0.0,0.0,1.0,0.2,0.2
2025-09-01,0.025,4.0,1.0,1.0,2.0,-0.4,0.3
2025-09-02,-0.015,13.0,2.0,4.0,7.0,-0.5,0.6
2025-09-03,0.044,9.0,3.0,2.0,4.0,-0.7,0.7
2025-09-04,-0.01,10.0,1.0,2.0,7.0,-0.6,0.4
2025-09-05,0.144,9.0,4.0,1.0,4.0,-0.4,0.5
2025-09-06,-0.1,2.0,0.0,1.0,1.0,-0.2,0.0
2025-09-07,-0.1,6.0,0.0,3.0,3.0,-0.3,0.1
2025-09-08,0.211,9.0,5.0,0.0,4.0,0.0,0.5
2025-09-09,0.1,15.0,4.0,1.0,10.0,-0.4,0.5
2025-09-10,0.247,15.0,7.0,0.0,8.0,-0.1,0.8
2025-09-12,0.178,9.0,3.0,0.0,6.0,-0.2,0.6
2025-09-13,0.45,2.0,2.0,0.0,0.0,0.4,0.5
2025-09-18,0.017,6.0,0.0,0.0,6.0,-0.2,0.3
2025-09-22,0.062,13.0,4.0,3.0,6.0,-0.5,0.6
2025-09-23,-0.15,10.0,1.0,4.0,5.0,-0.6,0.2
2025-09-24,-0.115,13.0,2.0,7.0,4.0,-0.6,0.5
2025-09-25,-0.133,15.0,2.0,8.0,5.0,-0.7,0.6
2025-09-26,0.122,9.0,4.0,3.0,2.0,-0.4,0.6
2025-09-27,-0.314,7.0,0.0,4.0,3.0,-0.7,0.3
2025-09-28,0.3,4.0,2.0,0.0,2.0,0.0,0.5
2025-09-30,0.107,14.0,3.0,0.0,11.0,-0.3,0.4
2025-10-01,0.133,9.0,2.0,1.0,6.0,-0.4,0.6
2025-10-02,-0.02,10.0,2.0,3.0,5.0,-0.6,0.6
2025-10-03,-0.1,16.0,4.0,7.0,5.0,-0.7,0.5
2025-10-04,0.3,2.0,1.0,0.0,1.0,0.2,0.4
2025-10-05,0.04,5.0,0.0,1.0,4.0,-0.3,0.2
2025-10-06,0.189,9.0,3.0,1.0,5.0,-0.2,0.7
2025-10-08,0.19,10.0,5.0,2.0,3.0,-0.5,0.8
2025-10-09,0.113,16.0,6.0,2.0,8.0,-0.6,0.6
2025-10-10,-0.269,13.0,2.0,7.0,4.0,-0.8,0.3
2025-10-12,-0.233,3.0,0.0,1.0,2.0,-0.8,0.1
2025-10-13,0.025,4.0,2.0,1.0,1.0,-0.6,0.5
2025-10-15,0.146,13.0,5.0,1.0,7.0,-0.5,0.7
2025-10-18,0.0,1.0,0.0,0.0,1.0,0.0,0.0
2025-10-19,-0.067,3.0,0.0,0.0,3.0,-0.2,0.0
2025-10-20,0.038,13.0,4.0,3.0,6.0,-0.5,0.4
2025-10-21,0.089,9.0,3.0,1.0,5.0,-0.3,0.5
2025-10-22,0.022,9.0,1.0,0.0,8.0,-0.1,0.3
2025-10-23,-0.1,11.0,3.0,4.0,4.0,-0.6,0.5
2025-10-24,-0.0,13.0,3.0,3.0,7.0,-0.6,0.8
2025-10-26,0.183,6.0,1.0,0.0,5.0,0.0,0.6
2025-10-27,0.471,7.0,5.0,0.0,2.0,0.0,0.7
2025-10-28,0.0,6.0,1.0,2.0,3.0,-0.4,0.4
2025-10-29,-0.0,17.0,2.0,4.0,11.0,-0.5,0.6
2025-10-31,0.229,7.0,4.0,1.0,2.0,-0.6,0.7
2025-11-01,0.35,4.0,2.0,0.0,2.0,0.2,0.5
2025-11-02,0.2,2.0,1.0,0.0,1.0,0.1,0.3
2025-11-03,0.175,12.0,6.0,4.0,2.0,-0.4,0.7
2025-11-04,-0.043,14.0,3.0,4.0,7.0,-0.7,0.5
2025-11-07,-0.1,8.0,2.0,5.0,1.0,-0.5,0.6
2025-11-09,-0.133,3.0,0.0,1.0,2.0,-0.4,0.0
2025-11-10,0.271,7.0,3.0,0.0,4.0,0.0,0.6
2025-11-11,0.162,8.0,5.0,0.0,3.0,0.0,0.4
2025-11-12,-0.3,1.0,0.0,1.0,0.0,-0.3,-0.3
2025-11-13,-0.05,4.0,1.0,2.0,1.0,-0.2,0.2
2025-11-14,-0.02,5.0,2.0,1.0,2.0,-0.6,0.3
2025-11-15,-0.133,3.0,0.0,2.0,1.0,-0.3,0.1
2025-11-17,0.0,12.0,4.0,4.0,4.0,-0.5,0.4
2025-11-18,0.153,15.0,5.0,2.0,8.0,-0.6,0.6
2025-11-19,0.023,13.0,1.0,3.0,9.0,-0.5,0.4
2025-11-20,0.1,15.0,4.0,3.0,8.0,-0.7,0.8
2025-11-21,-0.058,12.0,3.0,6.0,3.0,-0.7,0.6
2025-11-22,-0.167,6.0,1.0,3.0,2.0,-0.6,0.4
2025-11-23,0.083,6.0,1.0,2.0,3.0,-0.4,0.6
2025-11-24,0.109,11.0,3.0,2.0,6.0,-0.7,0.7
2025-11-25,0.175,8.0,3.0,2.0,3.0,-0.3,0.5
2025-11-26,0.133,3.0,1.0,0.0,2.0,0.0,0.4
2025-11-27,0.0,1.0,0.0,0.0,1.0,0.0,0.0
2025-12-01,0.04,5.0,0.0,1.0,4.0,-0.4,0.3
2025-12-02,-0.064,14.0,2.0,5.0,7.0,-0.7,0.6
2025-12-03,0.04,15.0,4.0,4.0,7.0,-0.4,0.5
2025-12-04,0.0,6.0,1.0,1.0,4.0,-0.5,0.3
2025-12-05,0.2,2.0,1.0,0.0,1.0,0.0,0.4
2025-12-08,0.208,12.0,8.0,1.0,3.0,-0.4,0.5
2025-12-10,0.0,14.0,3.0,2.0,9.0,-0.6,0.4
2025-12-11,0.129,14.0,5.0,3.0,6.0,-0.5,0.8
2025-12-12,0.1,7.0,2.0,1.0,4.0,-0.3,0.5
2025-12-13,0.1,4.0,1.0,0.0,3.0,0.0,0.3
2025-12-14,0.1,4.0,0.0,0.0,4.0,0.0,0.2
2025-12-15,-0.11,10.0,0.0,4.0,6.0,-0.6,0.2
2025-12-17,-0.087,15.0,2.0,5.0,8.0,-0.6,0.3
2025-12-18,0.05,2.0,0.0,0.0,2.0,0.0,0.1
2025-12-20,0.067,3.0,1.0,0.0,2.0,0.0,0.2
2025-12-21,0.15,8.0,3.0,0.0,5.0,-0.1,0.6
2025-12-22,0.133,6.0,3.0,1.0,2.0,-0.4,0.4
2025-12-23,0.182,11.0,4.0,1.0,6.0,-0.3,0.6
2025-12-26,0.043,7.0,1.0,0.0,6.0,-0.2,0.3
2025-12-27,-0.2,1.0,0.0,0.0,1.0,-0.2,-0.2
2025-12-28,0.25,2.0,1.0,0.0,1.0,0.2,0.3
2025-12-29,0.071,7.0,0.0,0.0,7.0,0.0,0.2
2025-12-30,0.127,15.0,4.0,0.0,11.0,-0.2,0.5
2025-12-31,0.083,6.0,0.0,0.0,6.0,0.0,0.3
2026-01-02,0.1,5.0,0.0,0.0,5.0,0.0,0.3
2026-01-03,-0.3,1.0,0.0,1.0,0.0,-0.3,-0.3
2026-01-04,0.25,2.0,1.0,0.0,1.0,0.0,0.5
2026-01-05,-0.033,12.0,3.0,3.0,6.0,-0.6,0.4
2026-01-06,0.2,7.0,3.0,1.0,3.0,-0.4,0.6
2026-01-07,0.023,13.0,5.0,3.0,5.0,-0.7,0.7
2026-01-09,0.32,10.0,6.0,0.0,4.0,0.0,0.6
2026-01-10,0.1,9.0,2.0,2.0,5.0,-0.4,0.6
2026-01-11,0.075,4.0,1.0,1.0,2.0,-0.2,0.4
2026-01-12,-0.2,10.0,1.0,5.0,4.0,-0.6,0.5
2026-01-14,0.125,12.0,4.0,2.0,6.0,-0.6,0.6
2026-01-15,0.107,14.0,3.0,1.0,10.0,-0.5,0.7
2026-01-16,0.17,10.0,3.0,1.0,6.0,-0.2,0.6
2026-01-17,0.167,3.0,1.0,0.0,2.0,-0.1,0.6
2026-01-18,0.1,2.0,0.0,0.0,2.0,0.0,0.2
2026-01-19,0.02,5.0,0.0,1.0,4.0,-0.5,0.3
2026-01-21,-0.118,11.0,0.0,3.0,8.0,-0.5,0.2
2026-01-23,-0.3,3.0,0.0,2.0,1.0,-0.6,0.1
2026-01-24,-0.05,4.0,0.0,1.0,3.0,-0.3,0.1
2026-01-25,-0.2,1.0,0.0,0.0,1.0,-0.2,-0.2
2026-01-26,-0.022,9.0,2.0,3.0,4.0,-0.7,0.7
2026-01-28,0.083,12.0,3.0,1.0,8.0,-0.5,0.5
2026-01-29,0.008,12.0,4.0,3.0,5.0,-0.8,0.6
2026-01-30,-0.0,16.0,4.0,4.0,8.0,-0.5,0.4
2026-02-01,0.0,3.0,1.0,1.0,1.0,-0.2,0.2
2026-02-02,0.183,12.0,7.0,1.0,4.0,-0.1,0.5
2026-02-03,0.133,6.0,2.0,1.0,3.0,-0.3,0.4
2026-02-04,0.108,12.0,5.0,2.0,5.0,-0.6,0.5
2026-02-05,0.245,11.0,6.0,1.0,4.0,-0.2,0.6
2026-02-10,0.114,7.0,2.0,1.0,4.0,-0.5,0.5
2026-02-13,0.037,8.0,2.0,2.0,4.0,-0.4,0.6
2026-02-14,0.1,1.0,0.0,0.0,1.0,0.1,0.1
2026-02-15,0.1,1.0,0.0,0.0,1.0,0.1,0.1
2026-02-16,-0.017,6.0,1.0,2.0,3.0,-0.5,0.5
2026-02-18,0.036,11.0,4.0,3.0,4.0,-0.4,0.4
2026-02-20,-0.24,5.0,1.0,3.0,1.0,-0.7,0.4
2026-02-21,-0.2,3.0,0.0,2.0,1.0,-0.4,0.1
2026-02-22,0.1,1.0,0.0,0.0,1.0,0.1,0.1
2026-02-23,-0.177,13.0,2.0,6.0,5.0,-0.6,0.5
2026-02-24,-0.155,11.0,0.0,4.0,7.0,-0.7,0.2
2026-02-27,-0.018,11.0,1.0,2.0,8.0,-0.4,0.4
2026-03-02,-0.062,16.0,7.0,6.0,3.0,-0.6,0.4
2026-03-03,-0.017,6.0,2.0,1.0,3.0,-0.5,0.3
2026-03-04,0.153,15.0,10.0,3.0,2.0,-0.4,0.6
2026-03-05,0.185,13.0,8.0,3.0,2.0,-0.5,0.6
2026-03-06,-0.018,14.0,5.0,6.0,3.0,-0.5,0.5
2026-03-07,-0.65,2.0,0.0,2.0,0.0,-0.7,-0.6
2026-03-09,-0.117,12.0,3.0,5.0,4.0,-0.65,0.45
2026-03-10,0.156,8.0,5.0,2.0,1.0,-0.65,0.6
2026-03-11,0.042,12.0,8.0,2.0,2.0,-0.6,0.3
2026-03-13,0.067,12.0,6.0,4.0,2.0,-0.4,0.6
2026-03-16,0.054,13.0,8.0,3.0,2.0,-0.7,0.5
2026-03-18,-0.225,10.0,3.0,5.0,2.0,-0.7,0.3
2026-03-19,-0.26,15.0,4.0,8.0,3.0,-0.75,0.3
2026-03-20,-0.069,13.0,3.0,4.0,6.0,-0.7,0.4
2026-03-23,-0.217,6.0,1.0,3.0,2.0,-0.5,0.1
2026-03-26,-0.111,9.0,2.0,3.0,4.0,-0.6,0.3
2026-03-28,-0.24,5.0,2.0,3.0,0.0,-0.7,0.3
2026-03-29,0.1,1.0,1.0,0.0,0.0,0.1,0.1
2026-03-30,0.093,15.0,7.0,3.0,5.0,-0.6,0.6
2026-03-31,-0.077,13.0,3.0,6.0,4.0,-0.5,0.4
2026-04-02,-0.286,14.0,0.0,7.0,7.0,-0.8,0.05
2026-04-04,-0.06,5.0,3.0,1.0,1.0,-0.7,0.25
2026-04-05,-0.05,4.0,0.0,1.0,3.0,-0.3,0.05
2026-04-07,-0.041,11.0,4.0,5.0,2.0,-0.7,0.6
2026-04-08,0.09,10.0,4.0,2.0,4.0,-0.5,0.7
2026-04-10,-0.15,2.0,0.0,1.0,1.0,-0.3,0.0
2026-04-11,-0.6,1.0,0.0,1.0,0.0,-0.6,-0.6
2026-04-12,0.2,1.0,1.0,0.0,0.0,0.2,0.2
2026-04-13,0.1,1.0,1.0,0.0,0.0,0.1,0.1
2026-04-14,-0.267,3.0,1.0,2.0,0.0,-0.8,0.3
2026-04-15,0.1,1.0,1.0,0.0,0.0,0.1,0.1
2026-04-16,0.006,16.0,5.0,5.0,6.0,-0.6,0.7
2026-04-17,0.3,5.0,2.0,0.0,3.0,0.0,0.7
2026-04-18,-0.6,2.0,0.0,2.0,0.0,-0.7,-0.5
2026-04-19,-0.0,5.0,2.0,1.0,2.0,-0.5,0.3
